Local Timestamp,Sensor,Stress,Raw Time
2025-07-07 14:21:08,1,34,1751923268968
2025-07-07 14:21:28,2,91,1751923268968
2025-07-07 14:21:28,3,38,1751923268968
2025-07-07 14:21:28,4,54,1751923268968
2025-07-07 14:21:28,1,4,1751923270014
2025-07-07 14:21:28,2,29,1751923270014
2025-07-07 14:21:28,3,89,1751923270014
2025-07-07 14:21:28,4,14,1751923270014
2025-07-07 14:21:28,1,81,1751923271060
2025-07-07 14:21:28,2,41,1751923271060
2025-07-07 14:21:28,3,78,1751923271060
2025-07-07 14:21:28,4,84,1751923271060
2025-07-07 14:21:28,1,5,1751923272106
2025-07-07 14:21:28,2,25,1751923272106
2025-07-07 14:21:28,3,17,1751923272106
2025-07-07 14:21:28,4,36,1751923272106
2025-07-07 14:21:28,1,84,1751923273187
2025-07-07 14:21:28,2,60,1751923273187
2025-07-07 14:21:28,3,22,1751923273187
2025-07-07 14:21:28,4,52,1751923273187
2025-07-07 14:21:28,1,18,1751923274248
2025-07-07 14:21:28,2,8,1751923274248
2025-07-07 14:21:28,3,23,1751923274248
2025-07-07 14:21:28,4,59,1751923274248
2025-07-07 14:21:28,1,55,1751923275353
2025-07-07 14:21:28,2,82,1751923275353
2025-07-07 14:21:28,3,70,1751923275353
2025-07-07 14:21:28,4,35,1751923275353
2025-07-07 14:21:28,1,0,1751923276453
2025-07-07 14:21:28,2,15,1751923276453
2025-07-07 14:21:28,3,35,1751923276453
2025-07-07 14:21:29,4,93,1751923276453
2025-07-07 14:21:29,1,47,1751923277534
2025-07-07 14:21:29,2,41,1751923277534
2025-07-07 14:21:29,3,32,1751923277534
2025-07-07 14:21:29,4,98,1751923277534
2025-07-07 14:21:29,1,12,1751923278599
2025-07-07 14:21:29,2,56,1751923278599
2025-07-07 14:21:29,3,23,1751923278599
2025-07-07 14:21:29,4,9,1751923278599
2025-07-07 14:21:29,1,90,1751923279654
2025-07-07 14:21:29,2,91,1751923279654
2025-07-07 14:21:29,3,77,1751923279654
2025-07-07 14:21:29,4,31,1751923279654
2025-07-07 14:21:29,1,91,1751923280714
2025-07-07 14:21:29,2,5,1751923280714
2025-07-07 14:21:29,3,72,1751923280714
2025-07-07 14:21:29,4,30,1751923280714
2025-07-07 14:21:29,1,9,1751923281776
2025-07-07 14:21:29,2,0,1751923281776
2025-07-07 14:21:29,3,76,1751923281776
2025-07-07 14:21:29,4,80,1751923281776
2025-07-07 14:21:29,1,5,1751923282937
2025-07-07 14:21:29,2,89,1751923282937
2025-07-07 14:21:29,3,66,1751923282937
2025-07-07 14:21:29,4,21,1751923282937
2025-07-07 14:21:29,1,80,1751923283992
2025-07-07 14:21:29,2,8,1751923283992
2025-07-07 14:21:29,3,16,1751923283992
2025-07-07 14:21:29,4,72,1751923283992
2025-07-07 14:21:29,1,11,1751923285089
2025-07-07 14:21:29,2,85,1751923285089
2025-07-07 14:21:29,3,96,1751923285089
2025-07-07 14:21:29,4,4,1751923285089
2025-07-07 14:21:29,1,38,1751923286185
2025-07-07 14:21:29,2,57,1751923286185
2025-07-07 14:21:29,3,14,1751923286185
2025-07-07 14:21:29,4,77,1751923286185
2025-07-07 14:21:29,1,76,1751923287272
2025-07-07 14:21:29,2,51,1751923287272
2025-07-07 14:21:29,3,52,1751923287272
2025-07-07 14:21:29,4,76,1751923287272
2025-07-07 14:21:30,1,78,1751923288334
2025-07-07 14:21:30,2,19,1751923288334
2025-07-07 14:21:30,3,94,1751923288334
2025-07-07 14:21:30,4,25,1751923288334
2025-07-07 14:21:30,1,25,1751923289390
2025-07-07 14:21:30,2,93,1751923289390
2025-07-07 14:21:30,3,85,1751923289390
2025-07-07 14:21:30,4,84,1751923289390
2025-07-07 14:21:30,1,46,1751923290470
2025-07-07 14:21:30,2,74,1751923290470
2025-07-07 14:21:30,3,32,1751923290470
2025-07-07 14:21:30,4,96,1751923290470
2025-07-07 14:21:31,1,13,1751923291523
2025-07-07 14:21:31,2,88,1751923291523
2025-07-07 14:21:31,3,13,1751923291523
2025-07-07 14:21:31,4,66,1751923291523
2025-07-07 14:21:32,1,94,1751923292592
2025-07-07 14:21:32,2,20,1751923292592
2025-07-07 14:21:32,3,91,1751923292592
2025-07-07 14:21:32,4,91,1751923292592
2025-07-07 14:21:33,1,10,1751923293689
2025-07-07 14:21:33,2,78,1751923293689
2025-07-07 14:21:33,3,76,1751923293689
2025-07-07 14:21:33,4,74,1751923293689
2025-07-07 14:21:34,1,89,1751923294794
2025-07-07 14:21:34,2,87,1751923294794
2025-07-07 14:21:34,3,0,1751923294794
2025-07-07 14:21:34,4,51,1751923294794
2025-07-07 14:21:35,1,4,1751923295893
2025-07-07 14:21:35,2,34,1751923295893
2025-07-07 14:21:35,3,74,1751923295893
2025-07-07 14:21:35,4,60,1751923295893
2025-07-07 14:21:36,1,82,1751923296989
2025-07-07 14:21:37,2,11,1751923296989
2025-07-07 14:21:37,3,56,1751923296989
2025-07-07 14:21:37,4,1,1751923296989
2025-07-07 14:21:38,1,90,1751923298080
2025-07-07 14:21:38,2,68,1751923298080
2025-07-07 14:21:38,3,93,1751923298080
2025-07-07 14:21:38,4,84,1751923298080
2025-07-07 14:21:39,1,4,1751923299174
2025-07-07 14:21:39,2,48,1751923299174
2025-07-07 14:21:39,3,76,1751923299174
2025-07-07 14:21:39,4,95,1751923299174
2025-07-07 14:21:40,1,82,1751923300350
2025-07-07 14:21:40,2,66,1751923300350
2025-07-07 14:21:40,3,60,1751923300350
2025-07-07 14:21:40,4,0,1751923300350
2025-07-07 14:21:41,1,55,1751923301405
2025-07-07 14:21:41,2,15,1751923301405
2025-07-07 14:21:41,3,19,1751923301405
2025-07-07 14:21:41,4,100,1751923301405
2025-07-07 14:21:42,1,49,1751923302601
2025-07-07 14:21:42,2,44,1751923302601
2025-07-07 14:21:42,3,31,1751923302601
2025-07-07 14:21:42,4,75,1751923302601
2025-07-07 14:21:43,1,61,1751923303705
2025-07-07 14:21:43,2,63,1751923303705
2025-07-07 14:21:43,3,89,1751923303705
2025-07-07 14:21:43,4,25,1751923303705
2025-07-07 14:21:44,1,27,1751923304803
2025-07-07 14:21:44,2,40,1751923304803
2025-07-07 14:21:44,3,50,1751923304803
2025-07-07 14:21:44,4,34,1751923304803
2025-07-07 14:21:45,1,0,1751923305909
2025-07-07 14:21:46,2,77,1751923305909
2025-07-07 14:21:46,3,13,1751923305909
2025-07-07 14:21:46,4,1,1751923305909
2025-07-07 14:21:47,1,22,1751923307186
2025-07-07 14:21:47,2,77,1751923307186
2025-07-07 14:21:47,3,82,1751923307186
2025-07-07 14:21:47,4,41,1751923307186
2025-07-07 14:21:48,1,37,1751923308359
2025-07-07 14:21:48,2,13,1751923308359
2025-07-07 14:21:48,3,21,1751923308359
2025-07-07 14:21:48,4,53,1751923308359
2025-07-07 14:21:49,1,16,1751923309498
2025-07-07 14:21:49,2,55,1751923309498
2025-07-07 14:21:49,3,63,1751923309498
2025-07-07 14:21:49,4,89,1751923309498
2025-07-07 14:21:50,1,38,1751923310853
2025-07-07 14:21:50,2,90,1751923310853
2025-07-07 14:21:50,3,36,1751923310853
2025-07-07 14:21:51,4,38,1751923310853
2025-07-07 14:21:51,1,38,1751923311979
2025-07-07 14:21:52,2,24,1751923311979
2025-07-07 14:21:52,3,54,1751923311979
2025-07-07 14:21:52,4,26,1751923311979
2025-07-07 14:21:53,1,58,1751923313139
2025-07-07 14:21:53,2,26,1751923313139
2025-07-07 14:21:53,3,11,1751923313139
2025-07-07 14:21:53,4,10,1751923313139
2025-07-07 14:21:54,1,27,1751923314299
2025-07-07 14:21:54,2,72,1751923314299
2025-07-07 14:21:54,3,17,1751923314299
2025-07-07 14:21:54,4,61,1751923314299
2025-07-07 14:21:55,1,48,1751923315410
2025-07-07 14:21:55,2,66,1751923315410
2025-07-07 14:21:55,3,62,1751923315410
2025-07-07 14:21:55,4,48,1751923315410
2025-07-07 14:21:56,1,9,1751923316549
2025-07-07 14:21:56,2,28,1751923316549
2025-07-07 14:21:56,3,100,1751923316549
2025-07-07 14:21:56,4,93,1751923316549
2025-07-07 14:21:57,1,64,1751923317666
2025-07-07 14:21:57,2,54,1751923317666
2025-07-07 14:21:57,3,33,1751923317666
2025-07-07 14:21:57,4,23,1751923317666
2025-07-07 14:21:58,1,42,1751923318779
2025-07-07 14:21:58,2,27,1751923318779
2025-07-07 14:21:58,3,26,1751923318779
2025-07-07 14:21:58,4,43,1751923318779
2025-07-07 14:21:59,1,93,1751923319863
2025-07-07 14:21:59,2,45,1751923319863
2025-07-07 14:21:59,3,74,1751923319863
2025-07-07 14:21:59,4,88,1751923319863
2025-07-07 14:22:00,1,56,1751923320989
2025-07-07 14:22:01,2,38,1751923320989
2025-07-07 14:22:01,3,70,1751923320989
2025-07-07 14:22:01,4,48,1751923320989
2025-07-07 14:22:02,1,52,1751923322172
2025-07-07 14:22:02,2,75,1751923322172
2025-07-07 14:22:02,3,12,1751923322172
2025-07-07 14:22:02,4,49,1751923322172
2025-07-07 14:22:03,1,50,1751923323255
2025-07-07 14:22:03,2,72,1751923323255
2025-07-07 14:22:03,3,2,1751923323255
2025-07-07 14:22:03,4,0,1751923323255
2025-07-07 14:22:04,1,84,1751923324390
2025-07-07 14:22:04,2,97,1751923324390
2025-07-07 14:22:04,3,40,1751923324390
2025-07-07 14:22:04,4,8,1751923324390
2025-07-07 14:22:05,1,42,1751923325688
2025-07-07 14:22:05,2,21,1751923325688
2025-07-07 14:22:05,3,91,1751923325688
2025-07-07 14:22:05,4,75,1751923325688
2025-07-07 14:22:06,1,39,1751923326791
2025-07-07 14:22:06,2,84,1751923326791
2025-07-07 14:22:06,3,4,1751923326791
2025-07-07 14:22:06,4,43,1751923326791
2025-07-07 14:22:07,1,54,1751923327902
2025-07-07 14:22:07,2,34,1751923327902
2025-07-07 14:22:07,3,97,1751923327902
2025-07-07 14:22:08,4,45,1751923327902
2025-07-07 14:22:09,1,60,1751923329036
2025-07-07 14:22:09,2,34,1751923329036
2025-07-07 14:22:09,3,48,1751923329036
2025-07-07 14:22:09,4,17,1751923329036
2025-07-07 14:22:10,1,62,1751923330124
2025-07-07 14:22:10,2,37,1751923330124
2025-07-07 14:22:10,3,18,1751923330124
2025-07-07 14:22:10,4,51,1751923330124
2025-07-07 14:22:11,1,46,1751923331217
2025-07-07 14:22:11,2,94,1751923331217
2025-07-07 14:22:11,3,82,1751923331217
2025-07-07 14:22:11,4,46,1751923331217
2025-07-07 14:22:12,1,80,1751923332304
2025-07-07 14:22:12,2,70,1751923332304
2025-07-07 14:22:12,3,52,1751923332304
2025-07-07 14:22:12,4,23,1751923332304
2025-07-07 14:22:13,1,70,1751923333394
2025-07-07 14:22:13,2,51,1751923333394
2025-07-07 14:22:13,3,78,1751923333394
2025-07-07 14:22:13,4,25,1751923333394
2025-07-07 14:22:14,1,56,1751923334483
2025-07-07 14:22:14,2,8,1751923334483
2025-07-07 14:22:14,3,40,1751923334483
2025-07-07 14:22:14,4,44,1751923334483
2025-07-07 14:22:15,1,49,1751923335587
2025-07-07 14:22:15,2,80,1751923335587
2025-07-07 14:22:15,3,27,1751923335587
2025-07-07 14:22:15,4,2,1751923335587
2025-07-07 14:22:16,1,28,1751923336685
2025-07-07 14:22:16,2,77,1751923336685
2025-07-07 14:22:16,3,33,1751923336685
2025-07-07 14:22:16,4,47,1751923336685
2025-07-07 14:22:17,1,35,1751923337855
2025-07-07 14:22:17,2,33,1751923337855
2025-07-07 14:22:17,3,54,1751923337855
2025-07-07 14:22:17,4,95,1751923337855
2025-07-07 14:22:18,1,14,1751923338929
2025-07-07 14:22:18,2,17,1751923338929
2025-07-07 14:22:18,3,45,1751923338929
2025-07-07 14:22:19,4,97,1751923338929
2025-07-07 14:22:20,1,40,1751923340018
2025-07-07 14:22:20,2,35,1751923340018
2025-07-07 14:22:20,3,41,1751923340018
2025-07-07 14:22:20,4,90,1751923340018
2025-07-07 14:22:21,1,54,1751923341118
2025-07-07 14:22:21,2,76,1751923341118
2025-07-07 14:22:21,3,40,1751923341118
2025-07-07 14:22:21,4,36,1751923341118
2025-07-07 14:22:22,1,74,1751923342200
2025-07-07 14:22:22,2,76,1751923342200
2025-07-07 14:22:22,3,5,1751923342200
2025-07-07 14:22:22,4,99,1751923342200
2025-07-07 14:22:23,1,12,1751923343282
2025-07-07 14:22:23,2,99,1751923343282
2025-07-07 14:22:23,3,82,1751923343282
2025-07-07 14:22:23,4,48,1751923343282
2025-07-07 14:22:24,1,27,1751923344372
2025-07-07 14:22:24,2,71,1751923344372
2025-07-07 14:22:24,3,72,1751923344372
2025-07-07 14:22:24,4,4,1751923344372
2025-07-07 14:22:25,1,48,1751923345478
2025-07-07 14:22:25,2,36,1751923345478
2025-07-07 14:22:25,3,41,1751923345478
2025-07-07 14:22:25,4,19,1751923345478
2025-07-07 14:22:26,1,13,1751923346700
2025-07-07 14:22:26,2,77,1751923346700
2025-07-07 14:22:26,3,83,1751923346700
2025-07-07 14:22:26,4,19,1751923346700
2025-07-07 14:22:27,1,23,1751923347864
2025-07-07 14:22:27,2,65,1751923347864
2025-07-07 14:22:27,3,85,1751923347864
2025-07-07 14:22:28,4,50,1751923347864
2025-07-07 14:22:29,1,57,1751923349027
2025-07-07 14:22:29,2,22,1751923349027
2025-07-07 14:22:29,3,86,1751923349027
2025-07-07 14:22:29,4,19,1751923349027
2025-07-07 14:22:30,1,43,1751923350121
2025-07-07 14:22:30,2,53,1751923350121
2025-07-07 14:22:30,3,20,1751923350121
2025-07-07 14:22:30,4,85,1751923350121
2025-07-07 14:22:31,1,0,1751923351217
2025-07-07 14:22:31,2,40,1751923351217
2025-07-07 14:22:31,3,10,1751923351217
2025-07-07 14:22:31,4,70,1751923351217
2025-07-07 14:22:32,1,50,1751923352335
2025-07-07 14:22:32,2,57,1751923352335
2025-07-07 14:22:32,3,40,1751923352335
2025-07-07 14:22:32,4,67,1751923352335
2025-07-07 14:22:33,1,16,1751923353490
2025-07-07 14:22:33,2,2,1751923353490
2025-07-07 14:22:33,3,28,1751923353490
2025-07-07 14:22:33,4,18,1751923353490
2025-07-07 14:22:34,1,71,1751923354610
2025-07-07 14:22:34,2,47,1751923354610
2025-07-07 14:22:34,3,24,1751923354610
2025-07-07 14:22:34,4,72,1751923354610
2025-07-07 14:22:35,1,29,1751923355726
2025-07-07 14:22:35,2,64,1751923355726
2025-07-07 14:22:35,3,54,1751923355726
2025-07-07 14:22:35,4,87,1751923355726
2025-07-07 14:22:36,1,52,1751923356840
2025-07-07 14:22:36,2,24,1751923356840
2025-07-07 14:22:36,3,5,1751923356840
2025-07-07 14:22:36,4,75,1751923356840
2025-07-07 14:22:37,1,85,1751923357924
2025-07-07 14:22:37,2,73,1751923357924
2025-07-07 14:22:38,3,18,1751923357924
2025-07-07 14:22:38,4,32,1751923357924
2025-07-07 14:22:39,1,29,1751923359038
2025-07-07 14:22:39,2,91,1751923359038
2025-07-07 14:22:39,3,64,1751923359038
2025-07-07 14:22:39,4,42,1751923359038
2025-07-07 14:22:40,1,17,1751923360158
2025-07-07 14:22:40,2,99,1751923360158
2025-07-07 14:22:40,3,32,1751923360158
2025-07-07 14:22:40,4,54,1751923360158
2025-07-07 14:22:41,1,25,1751923361242
2025-07-07 14:22:41,2,89,1751923361242
2025-07-07 14:22:41,3,4,1751923361242
2025-07-07 14:22:41,4,4,1751923361242
2025-07-07 14:22:42,1,87,1751923362331
2025-07-07 14:22:42,2,50,1751923362331
2025-07-07 14:22:42,3,18,1751923362331
2025-07-07 14:22:42,4,30,1751923362331
2025-07-07 14:22:43,1,91,1751923363411
2025-07-07 14:22:43,2,75,1751923363411
2025-07-07 14:22:43,3,90,1751923363411
2025-07-07 14:22:43,4,95,1751923363411
2025-07-07 14:22:44,1,62,1751923364617
2025-07-07 14:22:44,2,82,1751923364617
2025-07-07 14:22:44,3,23,1751923364617
2025-07-07 14:22:44,4,66,1751923364617
2025-07-07 14:22:45,1,93,1751923365704
2025-07-07 14:22:45,2,73,1751923365704
2025-07-07 14:22:45,3,85,1751923365704
2025-07-07 14:22:45,4,27,1751923365704
2025-07-07 14:22:46,1,31,1751923366783
2025-07-07 14:22:46,2,55,1751923366783
2025-07-07 14:22:46,3,40,1751923366783
2025-07-07 14:22:46,4,24,1751923366783
2025-07-07 14:22:47,1,100,1751923367940
2025-07-07 14:22:47,2,96,1751923367940
2025-07-07 14:22:47,3,40,1751923367940
2025-07-07 14:22:48,4,4,1751923367940
2025-07-07 14:22:49,1,41,1751923369013
2025-07-07 14:22:49,2,86,1751923369013
2025-07-07 14:22:49,3,20,1751923369013
2025-07-07 14:22:49,4,36,1751923369013
2025-07-07 14:22:50,1,68,1751923370096
2025-07-07 14:22:50,2,28,1751923370096
2025-07-07 14:22:50,3,14,1751923370096
2025-07-07 14:22:50,4,91,1751923370096
2025-07-07 14:22:51,1,40,1751923371323
2025-07-07 14:22:51,2,85,1751923371323
2025-07-07 14:22:51,3,83,1751923371323
2025-07-07 14:22:51,4,46,1751923371323
2025-07-07 14:22:52,1,97,1751923372435
2025-07-07 14:22:52,2,97,1751923372435
2025-07-07 14:22:52,3,34,1751923372435
2025-07-07 14:22:52,4,81,1751923372435
2025-07-07 14:22:53,1,52,1751923373537
2025-07-07 14:22:53,2,72,1751923373537
2025-07-07 14:22:53,3,11,1751923373537
2025-07-07 14:22:53,4,0,1751923373537
2025-07-07 14:22:54,1,81,1751923374623
2025-07-07 14:22:54,2,51,1751923374623
2025-07-07 14:22:54,3,59,1751923374623
2025-07-07 14:22:54,4,34,1751923374623
2025-07-07 14:22:55,1,67,1751923375746
2025-07-07 14:22:55,2,83,1751923375746
2025-07-07 14:22:55,3,0,1751923375746
2025-07-07 14:22:55,4,81,1751923375746
2025-07-07 14:22:56,1,9,1751923376855
2025-07-07 14:22:56,2,92,1751923376855
2025-07-07 14:22:56,3,22,1751923376855
2025-07-07 14:22:56,4,69,1751923376855
2025-07-07 14:22:57,1,80,1751923377944
2025-07-07 14:22:57,2,63,1751923377944
2025-07-07 14:22:58,3,9,1751923377944
2025-07-07 14:22:58,4,12,1751923377944
2025-07-07 14:22:59,1,88,1751923379052
2025-07-07 14:22:59,2,22,1751923379052
2025-07-07 14:22:59,3,71,1751923379052
2025-07-07 14:22:59,4,46,1751923379052
2025-07-07 14:23:00,1,75,1751923380127
2025-07-07 14:23:00,2,1,1751923380127
2025-07-07 14:23:00,3,17,1751923380127
2025-07-07 14:23:00,4,25,1751923380127
2025-07-07 14:23:01,1,50,1751923381364
2025-07-07 14:23:01,2,57,1751923381364
2025-07-07 14:23:01,3,18,1751923381364
2025-07-07 14:23:01,4,44,1751923381364
2025-07-07 14:23:02,1,48,1751923382551
2025-07-07 14:23:02,2,59,1751923382551
2025-07-07 14:23:02,3,16,1751923382551
2025-07-07 14:23:02,4,2,1751923382551
2025-07-07 14:23:03,1,89,1751923383650
2025-07-07 14:23:03,2,99,1751923383650
2025-07-07 14:23:03,3,81,1751923383650
2025-07-07 14:23:03,4,55,1751923383650
2025-07-07 14:23:04,1,96,1751923384748
2025-07-07 14:23:04,2,46,1751923384748
2025-07-07 14:23:04,3,37,1751923384748
2025-07-07 14:23:04,4,50,1751923384748
2025-07-07 14:23:05,1,19,1751923385821
2025-07-07 14:23:06,2,24,1751923385821
2025-07-07 14:23:06,3,89,1751923385821
2025-07-07 14:23:06,4,39,1751923385821
2025-07-07 14:23:06,1,21,1751923386868
2025-07-07 14:23:06,2,54,1751923386868
2025-07-07 14:23:06,3,53,1751923386868
2025-07-07 14:23:06,4,81,1751923386868
2025-07-07 14:23:07,1,17,1751923387934
2025-07-07 14:23:07,2,76,1751923387934
2025-07-07 14:23:08,3,88,1751923387934
2025-07-07 14:23:08,4,68,1751923387934
2025-07-07 14:23:09,1,22,1751923389059
2025-07-07 14:23:09,2,99,1751923389059
2025-07-07 14:23:09,3,51,1751923389059
2025-07-07 14:23:09,4,71,1751923389059
2025-07-07 14:23:10,1,51,1751923390147
2025-07-07 14:23:10,2,91,1751923390147
2025-07-07 14:23:10,3,5,1751923390147
2025-07-07 14:23:10,4,32,1751923390147
2025-07-07 14:23:11,1,10,1751923391268
2025-07-07 14:23:11,2,98,1751923391268
2025-07-07 14:23:11,3,96,1751923391268
2025-07-07 14:23:11,4,39,1751923391268
2025-07-07 14:23:12,1,59,1751923392384
2025-07-07 14:23:12,2,41,1751923392384
2025-07-07 14:23:12,3,44,1751923392384
2025-07-07 14:23:12,4,70,1751923392384
2025-07-07 14:23:13,1,14,1751923393536
2025-07-07 14:23:13,2,82,1751923393536
2025-07-07 14:23:13,3,41,1751923393536
2025-07-07 14:23:13,4,67,1751923393536
2025-07-07 14:23:14,1,64,1751923394636
2025-07-07 14:23:14,2,52,1751923394636
2025-07-07 14:23:14,3,15,1751923394636
2025-07-07 14:23:14,4,49,1751923394636
2025-07-07 14:23:15,1,98,1751923395718
2025-07-07 14:23:15,2,78,1751923395718
2025-07-07 14:23:15,3,8,1751923395718
2025-07-07 14:23:15,4,12,1751923395718
2025-07-07 14:23:16,1,14,1751923396822
2025-07-07 14:23:16,2,0,1751923396822
2025-07-07 14:23:16,3,19,1751923396822
2025-07-07 14:23:16,4,32,1751923396822
2025-07-07 14:23:17,1,48,1751923397917
2025-07-07 14:23:17,2,7,1751923397917
2025-07-07 14:23:17,3,20,1751923397917
2025-07-07 14:23:17,4,34,1751923397917
2025-07-07 14:23:19,1,61,1751923399015
2025-07-07 14:23:19,2,37,1751923399015
2025-07-07 14:23:19,3,49,1751923399015
2025-07-07 14:23:19,4,95,1751923399015
2025-07-07 14:23:20,1,28,1751923400156
2025-07-07 14:23:20,2,100,1751923400156
2025-07-07 14:23:20,3,59,1751923400156
2025-07-07 14:23:20,4,89,1751923400156
2025-07-07 14:23:21,1,75,1751923401248
2025-07-07 14:23:21,2,85,1751923401248
2025-07-07 14:23:21,3,0,1751923401248
2025-07-07 14:23:21,4,48,1751923401248
2025-07-07 14:23:22,1,68,1751923402328
2025-07-07 14:23:22,2,12,1751923402328
2025-07-07 14:23:22,3,88,1751923402328
2025-07-07 14:23:22,4,63,1751923402328
2025-07-07 14:23:23,1,38,1751923403414
2025-07-07 14:23:23,2,7,1751923403414
2025-07-07 14:23:23,3,99,1751923403414
2025-07-07 14:23:23,4,94,1751923403414
2025-07-07 14:23:24,1,1,1751923404492
2025-07-07 14:23:24,2,52,1751923404492
2025-07-07 14:23:24,3,20,1751923404492
2025-07-07 14:23:24,4,69,1751923404492
2025-07-07 14:23:25,1,41,1751923405654
2025-07-07 14:23:25,2,18,1751923405654
2025-07-07 14:23:25,3,31,1751923405654
2025-07-07 14:23:25,4,3,1751923405654
2025-07-07 14:23:26,1,16,1751923406733
2025-07-07 14:23:26,2,30,1751923406733
2025-07-07 14:23:26,3,17,1751923406733
2025-07-07 14:23:26,4,25,1751923406733
2025-07-07 14:23:27,1,30,1751923407803
2025-07-07 14:23:27,2,97,1751923407803
2025-07-07 14:23:27,3,22,1751923407803
2025-07-07 14:23:27,4,45,1751923407803
2025-07-07 14:23:28,1,81,1751923408896
2025-07-07 14:23:28,2,46,1751923408896
2025-07-07 14:23:28,3,71,1751923408896
2025-07-07 14:23:28,4,50,1751923408896
2025-07-07 14:23:29,1,38,1751923409978
2025-07-07 14:23:30,2,57,1751923409978
2025-07-07 14:23:30,3,40,1751923409978
2025-07-07 14:23:30,4,91,1751923409978
2025-07-07 14:23:31,1,2,1751923411064
2025-07-07 14:23:31,2,81,1751923411064
2025-07-07 14:23:31,3,2,1751923411064
2025-07-07 14:23:31,4,2,1751923411064
2025-07-07 14:23:32,1,26,1751923412156
2025-07-07 14:23:32,2,100,1751923412156
2025-07-07 14:23:32,3,45,1751923412156
2025-07-07 14:23:32,4,22,1751923412156
2025-07-07 14:23:33,1,46,1751923413247
2025-07-07 14:23:33,2,97,1751923413247
2025-07-07 14:23:33,3,5,1751923413247
2025-07-07 14:23:33,4,30,1751923413247
2025-07-07 14:23:34,1,29,1751923414328
2025-07-07 14:23:34,2,67,1751923414328
2025-07-07 14:23:34,3,51,1751923414328
2025-07-07 14:23:34,4,67,1751923414328
2025-07-07 14:23:35,1,46,1751923415433
2025-07-07 14:23:35,2,15,1751923415433
2025-07-07 14:23:35,3,15,1751923415433
2025-07-07 14:23:35,4,14,1751923415433
2025-07-07 14:23:36,1,54,1751923416542
2025-07-07 14:23:36,2,3,1751923416542
2025-07-07 14:23:36,3,29,1751923416542
2025-07-07 14:23:36,4,96,1751923416542
2025-07-07 14:23:37,1,8,1751923417619
2025-07-07 14:23:37,2,49,1751923417619
2025-07-07 14:23:37,3,79,1751923417619
2025-07-07 14:23:37,4,15,1751923417619
2025-07-07 14:23:38,1,41,1751923418716
2025-07-07 14:23:38,2,92,1751923418716
2025-07-07 14:23:38,3,89,1751923418716
2025-07-07 14:23:38,4,91,1751923418716
2025-07-07 14:23:39,1,58,1751923419824
2025-07-07 14:23:39,2,80,1751923419824
2025-07-07 14:23:39,3,78,1751923419824
2025-07-07 14:23:39,4,33,1751923419824
2025-07-07 14:23:40,1,89,1751923420892
2025-07-07 14:23:40,2,78,1751923420892
2025-07-07 14:23:40,3,71,1751923420892
2025-07-07 14:23:40,4,27,1751923420892
2025-07-07 14:23:41,1,15,1751923421983
2025-07-07 14:23:42,2,37,1751923421983
2025-07-07 14:23:42,3,27,1751923421983
2025-07-07 14:23:42,4,4,1751923421983
2025-07-07 14:23:43,1,14,1751923423078
2025-07-07 14:23:43,2,10,1751923423078
2025-07-07 14:23:43,3,64,1751923423078
2025-07-07 14:23:43,4,54,1751923423078
2025-07-07 14:23:44,1,44,1751923424168
2025-07-07 14:23:44,2,58,1751923424168
2025-07-07 14:23:44,3,25,1751923424168
2025-07-07 14:23:44,4,21,1751923424168
2025-07-07 14:23:45,1,100,1751923425248
2025-07-07 14:23:45,2,1,1751923425248
2025-07-07 14:23:45,3,6,1751923425248
2025-07-07 14:23:45,4,47,1751923425248
2025-07-07 14:23:46,1,79,1751923426381
2025-07-07 14:23:46,2,64,1751923426381
2025-07-07 14:23:46,3,29,1751923426381
2025-07-07 14:23:46,4,37,1751923426381
2025-07-07 14:23:47,1,21,1751923427474
2025-07-07 14:23:47,2,85,1751923427474
2025-07-07 14:23:47,3,92,1751923427474
2025-07-07 14:23:47,4,46,1751923427474
2025-07-07 14:23:48,1,6,1751923428566
2025-07-07 14:23:48,2,2,1751923428566
2025-07-07 14:23:48,3,2,1751923428566
2025-07-07 14:23:48,4,44,1751923428566
2025-07-07 14:23:49,1,31,1751923429681
2025-07-07 14:23:49,2,60,1751923429681
2025-07-07 14:23:49,3,8,1751923429681
2025-07-07 14:23:49,4,41,1751923429681
2025-07-07 14:23:50,1,84,1751923430755
2025-07-07 14:23:50,2,15,1751923430755
2025-07-07 14:23:50,3,51,1751923430755
2025-07-07 14:23:50,4,10,1751923430755
2025-07-07 14:23:51,1,62,1751923431843
2025-07-07 14:23:51,2,48,1751923431843
2025-07-07 14:23:51,3,67,1751923431843
2025-07-07 14:23:51,4,3,1751923431843
2025-07-07 14:23:52,1,88,1751923432938
2025-07-07 14:23:52,2,44,1751923432938
2025-07-07 14:23:53,3,28,1751923432938
2025-07-07 14:23:53,4,70,1751923432938
2025-07-07 14:23:54,1,63,1751923434043
2025-07-07 14:23:54,2,47,1751923434043
2025-07-07 14:23:54,3,88,1751923434043
2025-07-07 14:23:54,4,31,1751923434043
2025-07-07 14:23:55,1,79,1751923435132
2025-07-07 14:23:55,2,40,1751923435132
2025-07-07 14:23:55,3,14,1751923435132
2025-07-07 14:23:55,4,62,1751923435132
2025-07-07 14:23:56,1,79,1751923436200
2025-07-07 14:23:56,2,87,1751923436200
2025-07-07 14:23:56,3,62,1751923436200
2025-07-07 14:23:56,4,52,1751923436200
2025-07-07 14:23:57,1,50,1751923437324
2025-07-07 14:23:57,2,17,1751923437324
2025-07-07 14:23:57,3,74,1751923437324
2025-07-07 14:23:57,4,68,1751923437324
2025-07-07 14:23:58,1,93,1751923438401
2025-07-07 14:23:58,2,57,1751923438401
2025-07-07 14:23:58,3,71,1751923438401
2025-07-07 14:23:58,4,99,1751923438401
2025-07-07 14:23:59,1,17,1751923439512
2025-07-07 14:23:59,2,91,1751923439512
2025-07-07 14:23:59,3,6,1751923439512
2025-07-07 14:23:59,4,55,1751923439512
2025-07-07 14:24:00,1,48,1751923440650
2025-07-07 14:24:00,2,81,1751923440650
2025-07-07 14:24:00,3,93,1751923440650
2025-07-07 14:24:00,4,2,1751923440650
2025-07-07 14:24:01,1,70,1751923441737
2025-07-07 14:24:01,2,33,1751923441737
2025-07-07 14:24:01,3,37,1751923441737
2025-07-07 14:24:01,4,23,1751923441737
2025-07-07 14:24:02,1,73,1751923442827
2025-07-07 14:24:02,2,54,1751923442827
2025-07-07 14:24:02,3,87,1751923442827
2025-07-07 14:24:02,4,78,1751923442827
2025-07-07 14:24:03,1,10,1751923443899
2025-07-07 14:24:03,2,64,1751923443899
2025-07-07 14:24:03,3,46,1751923443899
2025-07-07 14:24:03,4,58,1751923443899
2025-07-07 14:24:05,1,34,1751923445003
2025-07-07 14:24:05,2,41,1751923445003
2025-07-07 14:24:05,3,60,1751923445003
2025-07-07 14:24:05,4,57,1751923445003
2025-07-07 14:24:06,1,72,1751923446097
2025-07-07 14:24:06,2,87,1751923446097
2025-07-07 14:24:06,3,6,1751923446097
2025-07-07 14:24:06,4,97,1751923446097
2025-07-07 14:24:07,1,65,1751923447194
2025-07-07 14:24:07,2,99,1751923447194
2025-07-07 14:24:07,3,24,1751923447194
2025-07-07 14:24:07,4,35,1751923447194
2025-07-07 14:24:08,1,66,1751923448291
2025-07-07 14:24:08,2,23,1751923448291
2025-07-07 14:24:08,3,75,1751923448291
2025-07-07 14:24:08,4,6,1751923448291
2025-07-07 14:24:09,1,57,1751923449405
2025-07-07 14:24:09,2,27,1751923449405
2025-07-07 14:24:09,3,10,1751923449405
2025-07-07 14:24:09,4,10,1751923449405
2025-07-07 14:24:10,1,25,1751923450524
2025-07-07 14:24:10,2,16,1751923450524
2025-07-07 14:24:10,3,5,1751923450524
2025-07-07 14:24:10,4,24,1751923450524
2025-07-07 14:24:11,1,33,1751923451633
2025-07-07 14:24:11,2,77,1751923451633
2025-07-07 14:24:11,3,14,1751923451633
2025-07-07 14:24:11,4,13,1751923451633
2025-07-07 14:24:12,1,16,1751923452714
2025-07-07 14:24:12,2,43,1751923452714
2025-07-07 14:24:12,3,56,1751923452714
2025-07-07 14:24:12,4,76,1751923452714
2025-07-07 14:24:13,1,76,1751923453786
2025-07-07 14:24:13,2,72,1751923453786
2025-07-07 14:24:13,3,76,1751923453786
2025-07-07 14:24:13,4,83,1751923453786
2025-07-07 14:24:14,1,54,1751923454881
2025-07-07 14:24:14,2,86,1751923454881
2025-07-07 14:24:14,3,51,1751923454881
2025-07-07 14:24:14,4,26,1751923454881
2025-07-07 14:24:15,1,60,1751923455959
2025-07-07 14:24:15,2,20,1751923455959
2025-07-07 14:24:15,3,1,1751923455959
2025-07-07 14:24:16,4,78,1751923455959
2025-07-07 14:24:17,1,90,1751923457024
2025-07-07 14:24:17,2,43,1751923457024
2025-07-07 14:24:17,3,94,1751923457024
2025-07-07 14:24:17,4,93,1751923457024
2025-07-07 14:24:18,1,82,1751923458279
2025-07-07 14:24:18,2,61,1751923458279
2025-07-07 14:24:18,3,41,1751923458279
2025-07-07 14:24:18,4,72,1751923458279
2025-07-07 14:24:19,1,10,1751923459369
2025-07-07 14:24:19,2,13,1751923459369
2025-07-07 14:24:19,3,33,1751923459369
2025-07-07 14:24:19,4,74,1751923459369
2025-07-07 14:24:20,1,79,1751923460450
2025-07-07 14:24:20,2,73,1751923460450
2025-07-07 14:24:20,3,90,1751923460450
2025-07-07 14:24:20,4,30,1751923460450
2025-07-07 14:24:21,1,28,1751923461564
2025-07-07 14:24:21,2,88,1751923461564
2025-07-07 14:24:21,3,64,1751923461564
2025-07-07 14:24:21,4,50,1751923461564
2025-07-07 14:24:22,1,78,1751923462673
2025-07-07 14:24:22,2,18,1751923462673
2025-07-07 14:24:22,3,83,1751923462673
2025-07-07 14:24:22,4,78,1751923462673
2025-07-07 14:24:23,1,44,1751923463768
2025-07-07 14:24:23,2,0,1751923463768
2025-07-07 14:24:23,3,42,1751923463768
2025-07-07 14:24:23,4,90,1751923463768
2025-07-07 14:24:24,1,95,1751923464863
2025-07-07 14:24:24,2,26,1751923464863
2025-07-07 14:24:24,3,48,1751923464863
2025-07-07 14:24:24,4,71,1751923464863
2025-07-07 14:24:25,1,89,1751923465951
2025-07-07 14:24:25,2,34,1751923465951
2025-07-07 14:24:25,3,43,1751923465951
2025-07-07 14:24:26,4,66,1751923465951
2025-07-07 14:24:27,1,25,1751923467030
2025-07-07 14:24:27,2,9,1751923467030
2025-07-07 14:24:27,3,67,1751923467030
2025-07-07 14:24:27,4,87,1751923467030
2025-07-07 14:24:28,1,40,1751923468113
2025-07-07 14:24:28,2,75,1751923468113
2025-07-07 14:24:28,3,90,1751923468113
2025-07-07 14:24:28,4,92,1751923468113
2025-07-07 14:24:29,1,24,1751923469182
2025-07-07 14:24:29,2,100,1751923469182
2025-07-07 14:24:29,3,54,1751923469182
2025-07-07 14:24:29,4,62,1751923469182
2025-07-07 14:24:30,1,39,1751923470259
2025-07-07 14:24:30,2,100,1751923470259
2025-07-07 14:24:30,3,40,1751923470259
2025-07-07 14:24:30,4,42,1751923470259
2025-07-07 14:24:31,1,28,1751923471348
2025-07-07 14:24:31,2,17,1751923471348
2025-07-07 14:24:31,3,16,1751923471348
2025-07-07 14:24:31,4,10,1751923471348
2025-07-07 14:24:32,1,100,1751923472464
2025-07-07 14:24:32,2,61,1751923472464
2025-07-07 14:24:32,3,85,1751923472464
2025-07-07 14:24:32,4,24,1751923472464
2025-07-07 14:24:33,1,85,1751923473551
2025-07-07 14:24:33,2,81,1751923473551
2025-07-07 14:24:33,3,45,1751923473551
2025-07-07 14:24:33,4,76,1751923473551
2025-07-07 14:24:34,1,90,1751923474639
2025-07-07 14:24:34,2,7,1751923474639
2025-07-07 14:24:34,3,92,1751923474639
2025-07-07 14:24:34,4,17,1751923474639
2025-07-07 14:24:35,1,22,1751923475749
2025-07-07 14:24:35,2,35,1751923475749
2025-07-07 14:24:35,3,37,1751923475749
2025-07-07 14:24:35,4,37,1751923475749
2025-07-07 14:24:36,1,35,1751923476848
2025-07-07 14:24:36,2,86,1751923476848
2025-07-07 14:24:36,3,35,1751923476848
2025-07-07 14:24:36,4,43,1751923476848
2025-07-07 14:24:37,1,67,1751923477953
2025-07-07 14:24:38,2,75,1751923477953
2025-07-07 14:24:38,3,97,1751923477953
2025-07-07 14:24:38,4,78,1751923477953
2025-07-07 14:24:39,1,76,1751923479165
2025-07-07 14:24:39,2,22,1751923479165
2025-07-07 14:24:39,3,47,1751923479165
2025-07-07 14:24:39,4,92,1751923479165
2025-07-07 14:24:40,1,13,1751923480256
2025-07-07 14:24:40,2,81,1751923480256
2025-07-07 14:24:40,3,22,1751923480256
2025-07-07 14:24:40,4,48,1751923480256
2025-07-07 14:24:41,1,17,1751923481386
2025-07-07 14:24:41,2,12,1751923481386
2025-07-07 14:24:41,3,100,1751923481386
2025-07-07 14:24:41,4,26,1751923481386
2025-07-07 14:24:42,1,34,1751923482475
2025-07-07 14:24:42,2,6,1751923482475
2025-07-07 14:24:42,3,35,1751923482475
2025-07-07 14:24:42,4,55,1751923482475
2025-07-07 14:24:43,1,12,1751923483562
2025-07-07 14:24:43,2,16,1751923483562
2025-07-07 14:24:43,3,59,1751923483562
2025-07-07 14:24:43,4,15,1751923483562
2025-07-07 14:24:44,1,9,1751923484711
2025-07-07 14:24:44,2,50,1751923484711
2025-07-07 14:24:44,3,31,1751923484711
2025-07-07 14:24:44,4,93,1751923484711
2025-07-07 14:24:45,1,19,1751923485780
2025-07-07 14:24:45,2,34,1751923485780
2025-07-07 14:24:45,3,11,1751923485780
2025-07-07 14:24:45,4,16,1751923485780
2025-07-07 14:24:46,1,2,1751923486842
2025-07-07 14:24:46,2,88,1751923486842
2025-07-07 14:24:46,3,65,1751923486842
2025-07-07 14:24:46,4,7,1751923486842
2025-07-07 14:24:47,1,34,1751923487928
2025-07-07 14:24:47,2,61,1751923487928
2025-07-07 14:24:47,3,74,1751923487928
2025-07-07 14:24:47,4,87,1751923487928
2025-07-07 14:24:49,1,7,1751923489012
2025-07-07 14:24:49,2,96,1751923489012
2025-07-07 14:24:49,3,34,1751923489012
2025-07-07 14:24:49,4,17,1751923489012
2025-07-07 14:24:50,1,75,1751923490087
2025-07-07 14:24:50,2,78,1751923490087
2025-07-07 14:24:50,3,71,1751923490087
2025-07-07 14:24:50,4,68,1751923490087
2025-07-07 14:24:51,1,14,1751923491177
2025-07-07 14:24:51,2,67,1751923491177
2025-07-07 14:24:51,3,28,1751923491177
2025-07-07 14:24:51,4,100,1751923491177
2025-07-07 14:24:52,1,18,1751923492267
2025-07-07 14:24:52,2,78,1751923492267
2025-07-07 14:24:52,3,66,1751923492267
2025-07-07 14:24:52,4,73,1751923492267
2025-07-07 14:24:53,1,74,1751923493427
2025-07-07 14:24:53,2,99,1751923493427
2025-07-07 14:24:53,3,9,1751923493427
2025-07-07 14:24:53,4,44,1751923493427
2025-07-07 14:24:54,1,41,1751923494514
2025-07-07 14:24:54,2,93,1751923494514
2025-07-07 14:24:54,3,2,1751923494514
2025-07-07 14:24:54,4,55,1751923494514
2025-07-07 14:24:55,1,84,1751923495606
2025-07-07 14:24:55,2,22,1751923495606
2025-07-07 14:24:55,3,92,1751923495606
2025-07-07 14:24:55,4,61,1751923495606
2025-07-07 14:24:56,1,12,1751923496727
2025-07-07 14:24:56,2,94,1751923496727
2025-07-07 14:24:56,3,96,1751923496727
2025-07-07 14:24:56,4,64,1751923496727
2025-07-07 14:24:57,1,89,1751923497806
2025-07-07 14:24:57,2,32,1751923497806
2025-07-07 14:24:57,3,2,1751923497806
2025-07-07 14:24:57,4,17,1751923497806
2025-07-07 14:24:58,1,17,1751923498920
2025-07-07 14:24:58,2,76,1751923498920
2025-07-07 14:24:58,3,14,1751923498920
2025-07-07 14:24:58,4,63,1751923498920
2025-07-07 14:24:59,1,61,1751923499991
2025-07-07 14:25:00,2,60,1751923499991
2025-07-07 14:25:00,3,100,1751923499991
2025-07-07 14:25:00,4,21,1751923499991
2025-07-07 14:25:01,1,37,1751923501100
2025-07-07 14:25:01,2,4,1751923501100
2025-07-07 14:25:01,3,19,1751923501100
2025-07-07 14:25:01,4,74,1751923501100
2025-07-07 14:25:02,1,80,1751923502184
2025-07-07 14:25:02,2,6,1751923502184
2025-07-07 14:25:02,3,7,1751923502184
2025-07-07 14:25:02,4,62,1751923502184
2025-07-07 14:25:03,1,1,1751923503270
2025-07-07 14:25:03,2,18,1751923503270
2025-07-07 14:25:03,3,63,1751923503270
2025-07-07 14:25:03,4,72,1751923503270
2025-07-07 14:25:04,1,78,1751923504363
2025-07-07 14:25:04,2,66,1751923504363
2025-07-07 14:25:04,3,16,1751923504363
2025-07-07 14:25:04,4,46,1751923504363
2025-07-07 14:25:05,1,73,1751923505459
2025-07-07 14:25:05,2,42,1751923505459
2025-07-07 14:25:05,3,15,1751923505459
2025-07-07 14:25:05,4,24,1751923505459
2025-07-07 14:25:06,1,32,1751923506530
2025-07-07 14:25:06,2,52,1751923506530
2025-07-07 14:25:06,3,18,1751923506530
2025-07-07 14:25:06,4,1,1751923506530
