Timestamp(ms),Human Time,Sensor,Stress
1751923268968,"Monday, July 07, 2025 14:21:08.968",1,34
1751923268968,"Monday, July 07, 2025 14:21:08.968",2,91
1751923268968,"Monday, July 07, 2025 14:21:08.968",3,38
1751923268968,"Monday, July 07, 2025 14:21:08.968",4,54
1751923270014,"Monday, July 07, 2025 14:21:10.014",1,4
1751923270014,"Monday, July 07, 2025 14:21:10.014",2,29
1751923270014,"Monday, July 07, 2025 14:21:10.014",3,89
1751923270014,"Monday, July 07, 2025 14:21:10.014",4,14
1751923271060,"Monday, July 07, 2025 14:21:11.060",1,81
1751923271060,"Monday, July 07, 2025 14:21:11.060",2,41
1751923271060,"Monday, July 07, 2025 14:21:11.060",3,78
1751923271060,"Monday, July 07, 2025 14:21:11.060",4,84
1751923272106,"Monday, July 07, 2025 14:21:12.106",1,5
1751923272106,"Monday, July 07, 2025 14:21:12.106",2,25
1751923272106,"Monday, July 07, 2025 14:21:12.106",3,17
1751923272106,"Monday, July 07, 2025 14:21:12.106",4,36
1751923273187,"Monday, July 07, 2025 14:21:13.187",1,84
1751923273187,"Monday, July 07, 2025 14:21:13.187",2,60
1751923273187,"Monday, July 07, 2025 14:21:13.187",3,22
1751923273187,"Monday, July 07, 2025 14:21:13.187",4,52
1751923274248,"Monday, July 07, 2025 14:21:14.248",1,18
1751923274248,"Monday, July 07, 2025 14:21:14.248",2,8
1751923274248,"Monday, July 07, 2025 14:21:14.248",3,23
1751923274248,"Monday, July 07, 2025 14:21:14.248",4,59
1751923275353,"Monday, July 07, 2025 14:21:15.353",1,55
1751923275353,"Monday, July 07, 2025 14:21:15.353",2,82
1751923275353,"Monday, July 07, 2025 14:21:15.353",3,70
1751923275353,"Monday, July 07, 2025 14:21:15.353",4,35
1751923276453,"Monday, July 07, 2025 14:21:16.453",1,0
1751923276453,"Monday, July 07, 2025 14:21:16.453",2,15
1751923276453,"Monday, July 07, 2025 14:21:16.453",3,35
1751923276453,"Monday, July 07, 2025 14:21:16.453",4,93
1751923277534,"Monday, July 07, 2025 14:21:17.534",1,47
1751923277534,"Monday, July 07, 2025 14:21:17.534",2,41
1751923277534,"Monday, July 07, 2025 14:21:17.534",3,32
1751923277534,"Monday, July 07, 2025 14:21:17.534",4,98
1751923278599,"Monday, July 07, 2025 14:21:18.599",1,12
1751923278599,"Monday, July 07, 2025 14:21:18.599",2,56
1751923278599,"Monday, July 07, 2025 14:21:18.599",3,23
1751923278599,"Monday, July 07, 2025 14:21:18.599",4,9
1751923279654,"Monday, July 07, 2025 14:21:19.654",1,90
1751923279654,"Monday, July 07, 2025 14:21:19.654",2,91
1751923279654,"Monday, July 07, 2025 14:21:19.654",3,77
1751923279654,"Monday, July 07, 2025 14:21:19.654",4,31
1751923280714,"Monday, July 07, 2025 14:21:20.714",1,91
1751923280714,"Monday, July 07, 2025 14:21:20.714",2,5
1751923280714,"Monday, July 07, 2025 14:21:20.714",3,72
1751923280714,"Monday, July 07, 2025 14:21:20.714",4,30
1751923281776,"Monday, July 07, 2025 14:21:21.776",1,9
1751923281776,"Monday, July 07, 2025 14:21:21.776",2,0
1751923281776,"Monday, July 07, 2025 14:21:21.776",3,76
1751923281776,"Monday, July 07, 2025 14:21:21.776",4,80
1751923282937,"Monday, July 07, 2025 14:21:22.937",1,5
1751923282937,"Monday, July 07, 2025 14:21:22.937",2,89
1751923282937,"Monday, July 07, 2025 14:21:22.937",3,66
1751923282937,"Monday, July 07, 2025 14:21:22.937",4,21
1751923283992,"Monday, July 07, 2025 14:21:23.992",1,80
1751923283992,"Monday, July 07, 2025 14:21:23.992",2,8
1751923283992,"Monday, July 07, 2025 14:21:23.992",3,16
1751923283992,"Monday, July 07, 2025 14:21:23.992",4,72
1751923285089,"Monday, July 07, 2025 14:21:25.089",1,11
1751923285089,"Monday, July 07, 2025 14:21:25.089",2,85
1751923285089,"Monday, July 07, 2025 14:21:25.089",3,96
1751923285089,"Monday, July 07, 2025 14:21:25.089",4,4
1751923286185,"Monday, July 07, 2025 14:21:26.185",1,38
1751923286185,"Monday, July 07, 2025 14:21:26.185",2,57
1751923286185,"Monday, July 07, 2025 14:21:26.185",3,14
1751923286185,"Monday, July 07, 2025 14:21:26.185",4,77
1751923287272,"Monday, July 07, 2025 14:21:27.272",1,76
1751923287272,"Monday, July 07, 2025 14:21:27.272",2,51
1751923287272,"Monday, July 07, 2025 14:21:27.272",3,52
1751923287272,"Monday, July 07, 2025 14:21:27.272",4,76
1751923288334,"Monday, July 07, 2025 14:21:28.334",1,78
1751923288334,"Monday, July 07, 2025 14:21:28.334",2,19
1751923288334,"Monday, July 07, 2025 14:21:28.334",3,94
1751923288334,"Monday, July 07, 2025 14:21:28.334",4,25
1751923289390,"Monday, July 07, 2025 14:21:29.390",1,25
1751923289390,"Monday, July 07, 2025 14:21:29.390",2,93
1751923289390,"Monday, July 07, 2025 14:21:29.390",3,85
1751923289390,"Monday, July 07, 2025 14:21:29.390",4,84
1751923290470,"Monday, July 07, 2025 14:21:30.470",1,46
1751923290470,"Monday, July 07, 2025 14:21:30.470",2,74
1751923290470,"Monday, July 07, 2025 14:21:30.470",3,32
1751923290470,"Monday, July 07, 2025 14:21:30.470",4,96
1751923291523,"Monday, July 07, 2025 14:21:31.523",1,13
1751923291523,"Monday, July 07, 2025 14:21:31.523",2,88
1751923291523,"Monday, July 07, 2025 14:21:31.523",3,13
1751923291523,"Monday, July 07, 2025 14:21:31.523",4,66
1751923292592,"Monday, July 07, 2025 14:21:32.592",1,94
1751923292592,"Monday, July 07, 2025 14:21:32.592",2,20
1751923292592,"Monday, July 07, 2025 14:21:32.592",3,91
1751923292592,"Monday, July 07, 2025 14:21:32.592",4,91
1751923293689,"Monday, July 07, 2025 14:21:33.689",1,10
1751923293689,"Monday, July 07, 2025 14:21:33.689",2,78
1751923293689,"Monday, July 07, 2025 14:21:33.689",3,76
1751923293689,"Monday, July 07, 2025 14:21:33.689",4,74
1751923294794,"Monday, July 07, 2025 14:21:34.794",1,89
1751923294794,"Monday, July 07, 2025 14:21:34.794",2,87
1751923294794,"Monday, July 07, 2025 14:21:34.794",3,0
1751923294794,"Monday, July 07, 2025 14:21:34.794",4,51
1751923295893,"Monday, July 07, 2025 14:21:35.893",1,4
1751923295893,"Monday, July 07, 2025 14:21:35.893",2,34
1751923295893,"Monday, July 07, 2025 14:21:35.893",3,74
1751923295893,"Monday, July 07, 2025 14:21:35.893",4,60
1751923296989,"Monday, July 07, 2025 14:21:36.989",1,82
1751923296989,"Monday, July 07, 2025 14:21:36.989",2,11
1751923296989,"Monday, July 07, 2025 14:21:36.989",3,56
1751923296989,"Monday, July 07, 2025 14:21:36.989",4,1
1751923298080,"Monday, July 07, 2025 14:21:38.080",1,90
1751923298080,"Monday, July 07, 2025 14:21:38.080",2,68
1751923298080,"Monday, July 07, 2025 14:21:38.080",3,93
1751923298080,"Monday, July 07, 2025 14:21:38.080",4,84
1751923299174,"Monday, July 07, 2025 14:21:39.174",1,4
1751923299174,"Monday, July 07, 2025 14:21:39.174",2,48
1751923299174,"Monday, July 07, 2025 14:21:39.174",3,76
1751923299174,"Monday, July 07, 2025 14:21:39.174",4,95
1751923300350,"Monday, July 07, 2025 14:21:40.350",1,82
1751923300350,"Monday, July 07, 2025 14:21:40.350",2,66
1751923300350,"Monday, July 07, 2025 14:21:40.350",3,60
1751923300350,"Monday, July 07, 2025 14:21:40.350",4,0
1751923301405,"Monday, July 07, 2025 14:21:41.405",1,55
1751923301405,"Monday, July 07, 2025 14:21:41.405",2,15
1751923301405,"Monday, July 07, 2025 14:21:41.405",3,19
1751923301405,"Monday, July 07, 2025 14:21:41.405",4,100
1751923302601,"Monday, July 07, 2025 14:21:42.601",1,49
1751923302601,"Monday, July 07, 2025 14:21:42.601",2,44
1751923302601,"Monday, July 07, 2025 14:21:42.601",3,31
1751923302601,"Monday, July 07, 2025 14:21:42.601",4,75
1751923303705,"Monday, July 07, 2025 14:21:43.705",1,61
1751923303705,"Monday, July 07, 2025 14:21:43.705",2,63
1751923303705,"Monday, July 07, 2025 14:21:43.705",3,89
1751923303705,"Monday, July 07, 2025 14:21:43.705",4,25
1751923304803,"Monday, July 07, 2025 14:21:44.803",1,27
1751923304803,"Monday, July 07, 2025 14:21:44.803",2,40
1751923304803,"Monday, July 07, 2025 14:21:44.803",3,50
1751923304803,"Monday, July 07, 2025 14:21:44.803",4,34
1751923305909,"Monday, July 07, 2025 14:21:45.909",1,0
1751923305909,"Monday, July 07, 2025 14:21:45.909",2,77
1751923305909,"Monday, July 07, 2025 14:21:45.909",3,13
1751923305909,"Monday, July 07, 2025 14:21:45.909",4,1
1751923307186,"Monday, July 07, 2025 14:21:47.186",1,22
1751923307186,"Monday, July 07, 2025 14:21:47.186",2,77
1751923307186,"Monday, July 07, 2025 14:21:47.186",3,82
1751923307186,"Monday, July 07, 2025 14:21:47.186",4,41
1751923308359,"Monday, July 07, 2025 14:21:48.359",1,37
1751923308359,"Monday, July 07, 2025 14:21:48.359",2,13
1751923308359,"Monday, July 07, 2025 14:21:48.359",3,21
1751923308359,"Monday, July 07, 2025 14:21:48.359",4,53
1751923309498,"Monday, July 07, 2025 14:21:49.498",1,16
1751923309498,"Monday, July 07, 2025 14:21:49.498",2,55
1751923309498,"Monday, July 07, 2025 14:21:49.498",3,63
1751923309498,"Monday, July 07, 2025 14:21:49.498",4,89
1751923310853,"Monday, July 07, 2025 14:21:50.853",1,38
1751923310853,"Monday, July 07, 2025 14:21:50.853",2,90
1751923310853,"Monday, July 07, 2025 14:21:50.853",3,36
1751923310853,"Monday, July 07, 2025 14:21:50.853",4,38
1751923311979,"Monday, July 07, 2025 14:21:51.979",1,38
1751923311979,"Monday, July 07, 2025 14:21:51.979",2,24
1751923311979,"Monday, July 07, 2025 14:21:51.979",3,54
1751923311979,"Monday, July 07, 2025 14:21:51.979",4,26
1751923313139,"Monday, July 07, 2025 14:21:53.139",1,58
1751923313139,"Monday, July 07, 2025 14:21:53.139",2,26
1751923313139,"Monday, July 07, 2025 14:21:53.139",3,11
1751923313139,"Monday, July 07, 2025 14:21:53.139",4,10
1751923314299,"Monday, July 07, 2025 14:21:54.299",1,27
1751923314299,"Monday, July 07, 2025 14:21:54.299",2,72
1751923314299,"Monday, July 07, 2025 14:21:54.299",3,17
1751923314299,"Monday, July 07, 2025 14:21:54.299",4,61
1751923315410,"Monday, July 07, 2025 14:21:55.410",1,48
1751923315410,"Monday, July 07, 2025 14:21:55.410",2,66
1751923315410,"Monday, July 07, 2025 14:21:55.410",3,62
1751923315410,"Monday, July 07, 2025 14:21:55.410",4,48
1751923316549,"Monday, July 07, 2025 14:21:56.549",1,9
1751923316549,"Monday, July 07, 2025 14:21:56.549",2,28
1751923316549,"Monday, July 07, 2025 14:21:56.549",3,100
1751923316549,"Monday, July 07, 2025 14:21:56.549",4,93
1751923317666,"Monday, July 07, 2025 14:21:57.666",1,64
1751923317666,"Monday, July 07, 2025 14:21:57.666",2,54
1751923317666,"Monday, July 07, 2025 14:21:57.666",3,33
1751923317666,"Monday, July 07, 2025 14:21:57.666",4,23
1751923318779,"Monday, July 07, 2025 14:21:58.779",1,42
1751923318779,"Monday, July 07, 2025 14:21:58.779",2,27
1751923318779,"Monday, July 07, 2025 14:21:58.779",3,26
1751923318779,"Monday, July 07, 2025 14:21:58.779",4,43
1751923319863,"Monday, July 07, 2025 14:21:59.863",1,93
1751923319863,"Monday, July 07, 2025 14:21:59.863",2,45
1751923319863,"Monday, July 07, 2025 14:21:59.863",3,74
1751923319863,"Monday, July 07, 2025 14:21:59.863",4,88
1751923320989,"Monday, July 07, 2025 14:22:00.989",1,56
1751923320989,"Monday, July 07, 2025 14:22:00.989",2,38
1751923320989,"Monday, July 07, 2025 14:22:00.989",3,70
1751923320989,"Monday, July 07, 2025 14:22:00.989",4,48
1751923322172,"Monday, July 07, 2025 14:22:02.172",1,52
1751923322172,"Monday, July 07, 2025 14:22:02.172",2,75
1751923322172,"Monday, July 07, 2025 14:22:02.172",3,12
1751923322172,"Monday, July 07, 2025 14:22:02.172",4,49
1751923323255,"Monday, July 07, 2025 14:22:03.255",1,50
1751923323255,"Monday, July 07, 2025 14:22:03.255",2,72
1751923323255,"Monday, July 07, 2025 14:22:03.255",3,2
1751923323255,"Monday, July 07, 2025 14:22:03.255",4,0
1751923324390,"Monday, July 07, 2025 14:22:04.390",1,84
1751923324390,"Monday, July 07, 2025 14:22:04.390",2,97
1751923324390,"Monday, July 07, 2025 14:22:04.390",3,40
1751923324390,"Monday, July 07, 2025 14:22:04.390",4,8
1751923325688,"Monday, July 07, 2025 14:22:05.688",1,42
1751923325688,"Monday, July 07, 2025 14:22:05.688",2,21
1751923325688,"Monday, July 07, 2025 14:22:05.688",3,91
1751923325688,"Monday, July 07, 2025 14:22:05.688",4,75
1751923326791,"Monday, July 07, 2025 14:22:06.791",1,39
1751923326791,"Monday, July 07, 2025 14:22:06.791",2,84
1751923326791,"Monday, July 07, 2025 14:22:06.791",3,4
1751923326791,"Monday, July 07, 2025 14:22:06.791",4,43
1751923327902,"Monday, July 07, 2025 14:22:07.902",1,54
1751923327902,"Monday, July 07, 2025 14:22:07.902",2,34
1751923327902,"Monday, July 07, 2025 14:22:07.902",3,97
1751923327902,"Monday, July 07, 2025 14:22:07.902",4,45
1751923329036,"Monday, July 07, 2025 14:22:09.036",1,60
1751923329036,"Monday, July 07, 2025 14:22:09.036",2,34
1751923329036,"Monday, July 07, 2025 14:22:09.036",3,48
1751923329036,"Monday, July 07, 2025 14:22:09.036",4,17
1751923330124,"Monday, July 07, 2025 14:22:10.124",1,62
1751923330124,"Monday, July 07, 2025 14:22:10.124",2,37
1751923330124,"Monday, July 07, 2025 14:22:10.124",3,18
1751923330124,"Monday, July 07, 2025 14:22:10.124",4,51
1751923331217,"Monday, July 07, 2025 14:22:11.217",1,46
1751923331217,"Monday, July 07, 2025 14:22:11.217",2,94
1751923331217,"Monday, July 07, 2025 14:22:11.217",3,82
1751923331217,"Monday, July 07, 2025 14:22:11.217",4,46
1751923332304,"Monday, July 07, 2025 14:22:12.304",1,80
1751923332304,"Monday, July 07, 2025 14:22:12.304",2,70
1751923332304,"Monday, July 07, 2025 14:22:12.304",3,52
1751923332304,"Monday, July 07, 2025 14:22:12.304",4,23
1751923333394,"Monday, July 07, 2025 14:22:13.394",1,70
1751923333394,"Monday, July 07, 2025 14:22:13.394",2,51
1751923333394,"Monday, July 07, 2025 14:22:13.394",3,78
1751923333394,"Monday, July 07, 2025 14:22:13.394",4,25
1751923334483,"Monday, July 07, 2025 14:22:14.483",1,56
1751923334483,"Monday, July 07, 2025 14:22:14.483",2,8
1751923334483,"Monday, July 07, 2025 14:22:14.483",3,40
1751923334483,"Monday, July 07, 2025 14:22:14.483",4,44
1751923335587,"Monday, July 07, 2025 14:22:15.587",1,49
1751923335587,"Monday, July 07, 2025 14:22:15.587",2,80
1751923335587,"Monday, July 07, 2025 14:22:15.587",3,27
1751923335587,"Monday, July 07, 2025 14:22:15.587",4,2
1751923336685,"Monday, July 07, 2025 14:22:16.685",1,28
1751923336685,"Monday, July 07, 2025 14:22:16.685",2,77
1751923336685,"Monday, July 07, 2025 14:22:16.685",3,33
1751923336685,"Monday, July 07, 2025 14:22:16.685",4,47
1751923337855,"Monday, July 07, 2025 14:22:17.855",1,35
1751923337855,"Monday, July 07, 2025 14:22:17.855",2,33
1751923337855,"Monday, July 07, 2025 14:22:17.855",3,54
1751923337855,"Monday, July 07, 2025 14:22:17.855",4,95
1751923338929,"Monday, July 07, 2025 14:22:18.929",1,14
1751923338929,"Monday, July 07, 2025 14:22:18.929",2,17
1751923338929,"Monday, July 07, 2025 14:22:18.929",3,45
1751923338929,"Monday, July 07, 2025 14:22:18.929",4,97
1751923340018,"Monday, July 07, 2025 14:22:20.018",1,40
1751923340018,"Monday, July 07, 2025 14:22:20.018",2,35
1751923340018,"Monday, July 07, 2025 14:22:20.018",3,41
1751923340018,"Monday, July 07, 2025 14:22:20.018",4,90
1751923341118,"Monday, July 07, 2025 14:22:21.118",1,54
1751923341118,"Monday, July 07, 2025 14:22:21.118",2,76
1751923341118,"Monday, July 07, 2025 14:22:21.118",3,40
1751923341118,"Monday, July 07, 2025 14:22:21.118",4,36
1751923342200,"Monday, July 07, 2025 14:22:22.200",1,74
1751923342200,"Monday, July 07, 2025 14:22:22.200",2,76
1751923342200,"Monday, July 07, 2025 14:22:22.200",3,5
1751923342200,"Monday, July 07, 2025 14:22:22.200",4,99
1751923343282,"Monday, July 07, 2025 14:22:23.282",1,12
1751923343282,"Monday, July 07, 2025 14:22:23.282",2,99
1751923343282,"Monday, July 07, 2025 14:22:23.282",3,82
1751923343282,"Monday, July 07, 2025 14:22:23.282",4,48
1751923344372,"Monday, July 07, 2025 14:22:24.372",1,27
1751923344372,"Monday, July 07, 2025 14:22:24.372",2,71
1751923344372,"Monday, July 07, 2025 14:22:24.372",3,72
1751923344372,"Monday, July 07, 2025 14:22:24.372",4,4
1751923345478,"Monday, July 07, 2025 14:22:25.478",1,48
1751923345478,"Monday, July 07, 2025 14:22:25.478",2,36
1751923345478,"Monday, July 07, 2025 14:22:25.478",3,41
1751923345478,"Monday, July 07, 2025 14:22:25.478",4,19
1751923346700,"Monday, July 07, 2025 14:22:26.700",1,13
1751923346700,"Monday, July 07, 2025 14:22:26.700",2,77
1751923346700,"Monday, July 07, 2025 14:22:26.700",3,83
1751923346700,"Monday, July 07, 2025 14:22:26.700",4,19
1751923347864,"Monday, July 07, 2025 14:22:27.864",1,23
1751923347864,"Monday, July 07, 2025 14:22:27.864",2,65
1751923347864,"Monday, July 07, 2025 14:22:27.864",3,85
1751923347864,"Monday, July 07, 2025 14:22:27.864",4,50
1751923349027,"Monday, July 07, 2025 14:22:29.027",1,57
1751923349027,"Monday, July 07, 2025 14:22:29.027",2,22
1751923349027,"Monday, July 07, 2025 14:22:29.027",3,86
1751923349027,"Monday, July 07, 2025 14:22:29.027",4,19
1751923350121,"Monday, July 07, 2025 14:22:30.121",1,43
1751923350121,"Monday, July 07, 2025 14:22:30.121",2,53
1751923350121,"Monday, July 07, 2025 14:22:30.121",3,20
1751923350121,"Monday, July 07, 2025 14:22:30.121",4,85
1751923351217,"Monday, July 07, 2025 14:22:31.217",1,0
1751923351217,"Monday, July 07, 2025 14:22:31.217",2,40
1751923351217,"Monday, July 07, 2025 14:22:31.217",3,10
1751923351217,"Monday, July 07, 2025 14:22:31.217",4,70
1751923352335,"Monday, July 07, 2025 14:22:32.335",1,50
1751923352335,"Monday, July 07, 2025 14:22:32.335",2,57
1751923352335,"Monday, July 07, 2025 14:22:32.335",3,40
1751923352335,"Monday, July 07, 2025 14:22:32.335",4,67
1751923353490,"Monday, July 07, 2025 14:22:33.490",1,16
1751923353490,"Monday, July 07, 2025 14:22:33.490",2,2
1751923353490,"Monday, July 07, 2025 14:22:33.490",3,28
1751923353490,"Monday, July 07, 2025 14:22:33.490",4,18
1751923354610,"Monday, July 07, 2025 14:22:34.610",1,71
1751923354610,"Monday, July 07, 2025 14:22:34.610",2,47
1751923354610,"Monday, July 07, 2025 14:22:34.610",3,24
1751923354610,"Monday, July 07, 2025 14:22:34.610",4,72
1751923355726,"Monday, July 07, 2025 14:22:35.726",1,29
1751923355726,"Monday, July 07, 2025 14:22:35.726",2,64
1751923355726,"Monday, July 07, 2025 14:22:35.726",3,54
1751923355726,"Monday, July 07, 2025 14:22:35.726",4,87
1751923356840,"Monday, July 07, 2025 14:22:36.840",1,52
1751923356840,"Monday, July 07, 2025 14:22:36.840",2,24
1751923356840,"Monday, July 07, 2025 14:22:36.840",3,5
1751923356840,"Monday, July 07, 2025 14:22:36.840",4,75
1751923357924,"Monday, July 07, 2025 14:22:37.924",1,85
1751923357924,"Monday, July 07, 2025 14:22:37.924",2,73
1751923357924,"Monday, July 07, 2025 14:22:37.924",3,18
1751923357924,"Monday, July 07, 2025 14:22:37.924",4,32
1751923359038,"Monday, July 07, 2025 14:22:39.038",1,29
1751923359038,"Monday, July 07, 2025 14:22:39.038",2,91
1751923359038,"Monday, July 07, 2025 14:22:39.038",3,64
1751923359038,"Monday, July 07, 2025 14:22:39.038",4,42
1751923360158,"Monday, July 07, 2025 14:22:40.158",1,17
1751923360158,"Monday, July 07, 2025 14:22:40.158",2,99
1751923360158,"Monday, July 07, 2025 14:22:40.158",3,32
1751923360158,"Monday, July 07, 2025 14:22:40.158",4,54
1751923361242,"Monday, July 07, 2025 14:22:41.242",1,25
1751923361242,"Monday, July 07, 2025 14:22:41.242",2,89
1751923361242,"Monday, July 07, 2025 14:22:41.242",3,4
1751923361242,"Monday, July 07, 2025 14:22:41.242",4,4
1751923362331,"Monday, July 07, 2025 14:22:42.331",1,87
1751923362331,"Monday, July 07, 2025 14:22:42.331",2,50
1751923362331,"Monday, July 07, 2025 14:22:42.331",3,18
1751923362331,"Monday, July 07, 2025 14:22:42.331",4,30
1751923363411,"Monday, July 07, 2025 14:22:43.411",1,91
1751923363411,"Monday, July 07, 2025 14:22:43.411",2,75
1751923363411,"Monday, July 07, 2025 14:22:43.411",3,90
1751923363411,"Monday, July 07, 2025 14:22:43.411",4,95
1751923364617,"Monday, July 07, 2025 14:22:44.617",1,62
1751923364617,"Monday, July 07, 2025 14:22:44.617",2,82
1751923364617,"Monday, July 07, 2025 14:22:44.617",3,23
1751923364617,"Monday, July 07, 2025 14:22:44.617",4,66
1751923365704,"Monday, July 07, 2025 14:22:45.704",1,93
1751923365704,"Monday, July 07, 2025 14:22:45.704",2,73
1751923365704,"Monday, July 07, 2025 14:22:45.704",3,85
1751923365704,"Monday, July 07, 2025 14:22:45.704",4,27
1751923366783,"Monday, July 07, 2025 14:22:46.783",1,31
1751923366783,"Monday, July 07, 2025 14:22:46.783",2,55
1751923366783,"Monday, July 07, 2025 14:22:46.783",3,40
1751923366783,"Monday, July 07, 2025 14:22:46.783",4,24
1751923367940,"Monday, July 07, 2025 14:22:47.940",1,100
1751923367940,"Monday, July 07, 2025 14:22:47.940",2,96
1751923367940,"Monday, July 07, 2025 14:22:47.940",3,40
1751923367940,"Monday, July 07, 2025 14:22:47.940",4,4
1751923369013,"Monday, July 07, 2025 14:22:49.013",1,41
1751923369013,"Monday, July 07, 2025 14:22:49.013",2,86
1751923369013,"Monday, July 07, 2025 14:22:49.013",3,20
1751923369013,"Monday, July 07, 2025 14:22:49.013",4,36
1751923370096,"Monday, July 07, 2025 14:22:50.096",1,68
1751923370096,"Monday, July 07, 2025 14:22:50.096",2,28
1751923370096,"Monday, July 07, 2025 14:22:50.096",3,14
1751923370096,"Monday, July 07, 2025 14:22:50.096",4,91
1751923371323,"Monday, July 07, 2025 14:22:51.323",1,40
1751923371323,"Monday, July 07, 2025 14:22:51.323",2,85
1751923371323,"Monday, July 07, 2025 14:22:51.323",3,83
1751923371323,"Monday, July 07, 2025 14:22:51.323",4,46
1751923372435,"Monday, July 07, 2025 14:22:52.435",1,97
1751923372435,"Monday, July 07, 2025 14:22:52.435",2,97
1751923372435,"Monday, July 07, 2025 14:22:52.435",3,34
1751923372435,"Monday, July 07, 2025 14:22:52.435",4,81
1751923373537,"Monday, July 07, 2025 14:22:53.537",1,52
1751923373537,"Monday, July 07, 2025 14:22:53.537",2,72
1751923373537,"Monday, July 07, 2025 14:22:53.537",3,11
1751923373537,"Monday, July 07, 2025 14:22:53.537",4,0
1751923374623,"Monday, July 07, 2025 14:22:54.623",1,81
1751923374623,"Monday, July 07, 2025 14:22:54.623",2,51
1751923374623,"Monday, July 07, 2025 14:22:54.623",3,59
1751923374623,"Monday, July 07, 2025 14:22:54.623",4,34
1751923375746,"Monday, July 07, 2025 14:22:55.746",1,67
1751923375746,"Monday, July 07, 2025 14:22:55.746",2,83
1751923375746,"Monday, July 07, 2025 14:22:55.746",3,0
1751923375746,"Monday, July 07, 2025 14:22:55.746",4,81
1751923376855,"Monday, July 07, 2025 14:22:56.855",1,9
1751923376855,"Monday, July 07, 2025 14:22:56.855",2,92
1751923376855,"Monday, July 07, 2025 14:22:56.855",3,22
1751923376855,"Monday, July 07, 2025 14:22:56.855",4,69
1751923377944,"Monday, July 07, 2025 14:22:57.944",1,80
1751923377944,"Monday, July 07, 2025 14:22:57.944",2,63
1751923377944,"Monday, July 07, 2025 14:22:57.944",3,9
1751923377944,"Monday, July 07, 2025 14:22:57.944",4,12
1751923379052,"Monday, July 07, 2025 14:22:59.052",1,88
1751923379052,"Monday, July 07, 2025 14:22:59.052",2,22
1751923379052,"Monday, July 07, 2025 14:22:59.052",3,71
1751923379052,"Monday, July 07, 2025 14:22:59.052",4,46
1751923380127,"Monday, July 07, 2025 14:23:00.127",1,75
1751923380127,"Monday, July 07, 2025 14:23:00.127",2,1
1751923380127,"Monday, July 07, 2025 14:23:00.127",3,17
1751923380127,"Monday, July 07, 2025 14:23:00.127",4,25
1751923381364,"Monday, July 07, 2025 14:23:01.364",1,50
1751923381364,"Monday, July 07, 2025 14:23:01.364",2,57
1751923381364,"Monday, July 07, 2025 14:23:01.364",3,18
1751923381364,"Monday, July 07, 2025 14:23:01.364",4,44
1751923382551,"Monday, July 07, 2025 14:23:02.551",1,48
1751923382551,"Monday, July 07, 2025 14:23:02.551",2,59
1751923382551,"Monday, July 07, 2025 14:23:02.551",3,16
1751923382551,"Monday, July 07, 2025 14:23:02.551",4,2
1751923383650,"Monday, July 07, 2025 14:23:03.650",1,89
1751923383650,"Monday, July 07, 2025 14:23:03.650",2,99
1751923383650,"Monday, July 07, 2025 14:23:03.650",3,81
1751923383650,"Monday, July 07, 2025 14:23:03.650",4,55
1751923384748,"Monday, July 07, 2025 14:23:04.748",1,96
1751923384748,"Monday, July 07, 2025 14:23:04.748",2,46
1751923384748,"Monday, July 07, 2025 14:23:04.748",3,37
1751923384748,"Monday, July 07, 2025 14:23:04.748",4,50
1751923385821,"Monday, July 07, 2025 14:23:05.821",1,19
1751923385821,"Monday, July 07, 2025 14:23:05.821",2,24
1751923385821,"Monday, July 07, 2025 14:23:05.821",3,89
1751923385821,"Monday, July 07, 2025 14:23:05.821",4,39
1751923386868,"Monday, July 07, 2025 14:23:06.868",1,21
1751923386868,"Monday, July 07, 2025 14:23:06.868",2,54
1751923386868,"Monday, July 07, 2025 14:23:06.868",3,53
1751923386868,"Monday, July 07, 2025 14:23:06.868",4,81
1751923387934,"Monday, July 07, 2025 14:23:07.934",1,17
1751923387934,"Monday, July 07, 2025 14:23:07.934",2,76
1751923387934,"Monday, July 07, 2025 14:23:07.934",3,88
1751923387934,"Monday, July 07, 2025 14:23:07.934",4,68
1751923389059,"Monday, July 07, 2025 14:23:09.059",1,22
1751923389059,"Monday, July 07, 2025 14:23:09.059",2,99
1751923389059,"Monday, July 07, 2025 14:23:09.059",3,51
1751923389059,"Monday, July 07, 2025 14:23:09.059",4,71
1751923390147,"Monday, July 07, 2025 14:23:10.147",1,51
1751923390147,"Monday, July 07, 2025 14:23:10.147",2,91
1751923390147,"Monday, July 07, 2025 14:23:10.147",3,5
1751923390147,"Monday, July 07, 2025 14:23:10.147",4,32
1751923391268,"Monday, July 07, 2025 14:23:11.268",1,10
1751923391268,"Monday, July 07, 2025 14:23:11.268",2,98
1751923391268,"Monday, July 07, 2025 14:23:11.268",3,96
1751923391268,"Monday, July 07, 2025 14:23:11.268",4,39
1751923392384,"Monday, July 07, 2025 14:23:12.384",1,59
1751923392384,"Monday, July 07, 2025 14:23:12.384",2,41
1751923392384,"Monday, July 07, 2025 14:23:12.384",3,44
1751923392384,"Monday, July 07, 2025 14:23:12.384",4,70
1751923393536,"Monday, July 07, 2025 14:23:13.536",1,14
1751923393536,"Monday, July 07, 2025 14:23:13.536",2,82
1751923393536,"Monday, July 07, 2025 14:23:13.536",3,41
1751923393536,"Monday, July 07, 2025 14:23:13.536",4,67
1751923394636,"Monday, July 07, 2025 14:23:14.636",1,64
1751923394636,"Monday, July 07, 2025 14:23:14.636",2,52
1751923394636,"Monday, July 07, 2025 14:23:14.636",3,15
1751923394636,"Monday, July 07, 2025 14:23:14.636",4,49
1751923395718,"Monday, July 07, 2025 14:23:15.718",1,98
1751923395718,"Monday, July 07, 2025 14:23:15.718",2,78
1751923395718,"Monday, July 07, 2025 14:23:15.718",3,8
1751923395718,"Monday, July 07, 2025 14:23:15.718",4,12
1751923396822,"Monday, July 07, 2025 14:23:16.822",1,14
1751923396822,"Monday, July 07, 2025 14:23:16.822",2,0
1751923396822,"Monday, July 07, 2025 14:23:16.822",3,19
1751923396822,"Monday, July 07, 2025 14:23:16.822",4,32
1751923397917,"Monday, July 07, 2025 14:23:17.917",1,48
1751923397917,"Monday, July 07, 2025 14:23:17.917",2,7
1751923397917,"Monday, July 07, 2025 14:23:17.917",3,20
1751923397917,"Monday, July 07, 2025 14:23:17.917",4,34
1751923399015,"Monday, July 07, 2025 14:23:19.015",1,61
1751923399015,"Monday, July 07, 2025 14:23:19.015",2,37
1751923399015,"Monday, July 07, 2025 14:23:19.015",3,49
1751923399015,"Monday, July 07, 2025 14:23:19.015",4,95
1751923400156,"Monday, July 07, 2025 14:23:20.156",1,28
1751923400156,"Monday, July 07, 2025 14:23:20.156",2,100
1751923400156,"Monday, July 07, 2025 14:23:20.156",3,59
1751923400156,"Monday, July 07, 2025 14:23:20.156",4,89
1751923401248,"Monday, July 07, 2025 14:23:21.248",1,75
1751923401248,"Monday, July 07, 2025 14:23:21.248",2,85
1751923401248,"Monday, July 07, 2025 14:23:21.248",3,0
1751923401248,"Monday, July 07, 2025 14:23:21.248",4,48
1751923402328,"Monday, July 07, 2025 14:23:22.328",1,68
1751923402328,"Monday, July 07, 2025 14:23:22.328",2,12
1751923402328,"Monday, July 07, 2025 14:23:22.328",3,88
1751923402328,"Monday, July 07, 2025 14:23:22.328",4,63
1751923403414,"Monday, July 07, 2025 14:23:23.414",1,38
1751923403414,"Monday, July 07, 2025 14:23:23.414",2,7
1751923403414,"Monday, July 07, 2025 14:23:23.414",3,99
1751923403414,"Monday, July 07, 2025 14:23:23.414",4,94
1751923404492,"Monday, July 07, 2025 14:23:24.492",1,1
1751923404492,"Monday, July 07, 2025 14:23:24.492",2,52
1751923404492,"Monday, July 07, 2025 14:23:24.492",3,20
1751923404492,"Monday, July 07, 2025 14:23:24.492",4,69
1751923405654,"Monday, July 07, 2025 14:23:25.654",1,41
1751923405654,"Monday, July 07, 2025 14:23:25.654",2,18
1751923405654,"Monday, July 07, 2025 14:23:25.654",3,31
1751923405654,"Monday, July 07, 2025 14:23:25.654",4,3
1751923406733,"Monday, July 07, 2025 14:23:26.733",1,16
1751923406733,"Monday, July 07, 2025 14:23:26.733",2,30
1751923406733,"Monday, July 07, 2025 14:23:26.733",3,17
1751923406733,"Monday, July 07, 2025 14:23:26.733",4,25
1751923407803,"Monday, July 07, 2025 14:23:27.803",1,30
1751923407803,"Monday, July 07, 2025 14:23:27.803",2,97
1751923407803,"Monday, July 07, 2025 14:23:27.803",3,22
1751923407803,"Monday, July 07, 2025 14:23:27.803",4,45
1751923408896,"Monday, July 07, 2025 14:23:28.896",1,81
1751923408896,"Monday, July 07, 2025 14:23:28.896",2,46
1751923408896,"Monday, July 07, 2025 14:23:28.896",3,71
1751923408896,"Monday, July 07, 2025 14:23:28.896",4,50
1751923409978,"Monday, July 07, 2025 14:23:29.978",1,38
1751923409978,"Monday, July 07, 2025 14:23:29.978",2,57
1751923409978,"Monday, July 07, 2025 14:23:29.978",3,40
1751923409978,"Monday, July 07, 2025 14:23:29.978",4,91
1751923411064,"Monday, July 07, 2025 14:23:31.064",1,2
1751923411064,"Monday, July 07, 2025 14:23:31.064",2,81
1751923411064,"Monday, July 07, 2025 14:23:31.064",3,2
1751923411064,"Monday, July 07, 2025 14:23:31.064",4,2
1751923412156,"Monday, July 07, 2025 14:23:32.156",1,26
1751923412156,"Monday, July 07, 2025 14:23:32.156",2,100
1751923412156,"Monday, July 07, 2025 14:23:32.156",3,45
1751923412156,"Monday, July 07, 2025 14:23:32.156",4,22
1751923413247,"Monday, July 07, 2025 14:23:33.247",1,46
1751923413247,"Monday, July 07, 2025 14:23:33.247",2,97
1751923413247,"Monday, July 07, 2025 14:23:33.247",3,5
1751923413247,"Monday, July 07, 2025 14:23:33.247",4,30
1751923414328,"Monday, July 07, 2025 14:23:34.328",1,29
1751923414328,"Monday, July 07, 2025 14:23:34.328",2,67
1751923414328,"Monday, July 07, 2025 14:23:34.328",3,51
1751923414328,"Monday, July 07, 2025 14:23:34.328",4,67
1751923415433,"Monday, July 07, 2025 14:23:35.433",1,46
1751923415433,"Monday, July 07, 2025 14:23:35.433",2,15
1751923415433,"Monday, July 07, 2025 14:23:35.433",3,15
1751923415433,"Monday, July 07, 2025 14:23:35.433",4,14
1751923416542,"Monday, July 07, 2025 14:23:36.542",1,54
1751923416542,"Monday, July 07, 2025 14:23:36.542",2,3
1751923416542,"Monday, July 07, 2025 14:23:36.542",3,29
1751923416542,"Monday, July 07, 2025 14:23:36.542",4,96
1751923417619,"Monday, July 07, 2025 14:23:37.619",1,8
1751923417619,"Monday, July 07, 2025 14:23:37.619",2,49
1751923417619,"Monday, July 07, 2025 14:23:37.619",3,79
1751923417619,"Monday, July 07, 2025 14:23:37.619",4,15
1751923418716,"Monday, July 07, 2025 14:23:38.716",1,41
1751923418716,"Monday, July 07, 2025 14:23:38.716",2,92
1751923418716,"Monday, July 07, 2025 14:23:38.716",3,89
1751923418716,"Monday, July 07, 2025 14:23:38.716",4,91
1751923419824,"Monday, July 07, 2025 14:23:39.824",1,58
1751923419824,"Monday, July 07, 2025 14:23:39.824",2,80
1751923419824,"Monday, July 07, 2025 14:23:39.824",3,78
1751923419824,"Monday, July 07, 2025 14:23:39.824",4,33
1751923420892,"Monday, July 07, 2025 14:23:40.892",1,89
1751923420892,"Monday, July 07, 2025 14:23:40.892",2,78
1751923420892,"Monday, July 07, 2025 14:23:40.892",3,71
1751923420892,"Monday, July 07, 2025 14:23:40.892",4,27
1751923421983,"Monday, July 07, 2025 14:23:41.983",1,15
1751923421983,"Monday, July 07, 2025 14:23:41.983",2,37
1751923421983,"Monday, July 07, 2025 14:23:41.983",3,27
1751923421983,"Monday, July 07, 2025 14:23:41.983",4,4
1751923423078,"Monday, July 07, 2025 14:23:43.078",1,14
1751923423078,"Monday, July 07, 2025 14:23:43.078",2,10
1751923423078,"Monday, July 07, 2025 14:23:43.078",3,64
1751923423078,"Monday, July 07, 2025 14:23:43.078",4,54
1751923424168,"Monday, July 07, 2025 14:23:44.168",1,44
1751923424168,"Monday, July 07, 2025 14:23:44.168",2,58
1751923424168,"Monday, July 07, 2025 14:23:44.168",3,25
1751923424168,"Monday, July 07, 2025 14:23:44.168",4,21
1751923425248,"Monday, July 07, 2025 14:23:45.248",1,100
1751923425248,"Monday, July 07, 2025 14:23:45.248",2,1
1751923425248,"Monday, July 07, 2025 14:23:45.248",3,6
1751923425248,"Monday, July 07, 2025 14:23:45.248",4,47
1751923426381,"Monday, July 07, 2025 14:23:46.381",1,79
1751923426381,"Monday, July 07, 2025 14:23:46.381",2,64
1751923426381,"Monday, July 07, 2025 14:23:46.381",3,29
1751923426381,"Monday, July 07, 2025 14:23:46.381",4,37
1751923427474,"Monday, July 07, 2025 14:23:47.474",1,21
1751923427474,"Monday, July 07, 2025 14:23:47.474",2,85
1751923427474,"Monday, July 07, 2025 14:23:47.474",3,92
1751923427474,"Monday, July 07, 2025 14:23:47.474",4,46
1751923428566,"Monday, July 07, 2025 14:23:48.566",1,6
1751923428566,"Monday, July 07, 2025 14:23:48.566",2,2
1751923428566,"Monday, July 07, 2025 14:23:48.566",3,2
1751923428566,"Monday, July 07, 2025 14:23:48.566",4,44
1751923429681,"Monday, July 07, 2025 14:23:49.681",1,31
1751923429681,"Monday, July 07, 2025 14:23:49.681",2,60
1751923429681,"Monday, July 07, 2025 14:23:49.681",3,8
1751923429681,"Monday, July 07, 2025 14:23:49.681",4,41
1751923430755,"Monday, July 07, 2025 14:23:50.755",1,84
1751923430755,"Monday, July 07, 2025 14:23:50.755",2,15
1751923430755,"Monday, July 07, 2025 14:23:50.755",3,51
1751923430755,"Monday, July 07, 2025 14:23:50.755",4,10
1751923431843,"Monday, July 07, 2025 14:23:51.843",1,62
1751923431843,"Monday, July 07, 2025 14:23:51.843",2,48
1751923431843,"Monday, July 07, 2025 14:23:51.843",3,67
1751923431843,"Monday, July 07, 2025 14:23:51.843",4,3
1751923432938,"Monday, July 07, 2025 14:23:52.938",1,88
1751923432938,"Monday, July 07, 2025 14:23:52.938",2,44
1751923432938,"Monday, July 07, 2025 14:23:52.938",3,28
1751923432938,"Monday, July 07, 2025 14:23:52.938",4,70
1751923434043,"Monday, July 07, 2025 14:23:54.043",1,63
1751923434043,"Monday, July 07, 2025 14:23:54.043",2,47
1751923434043,"Monday, July 07, 2025 14:23:54.043",3,88
1751923434043,"Monday, July 07, 2025 14:23:54.043",4,31
1751923435132,"Monday, July 07, 2025 14:23:55.132",1,79
1751923435132,"Monday, July 07, 2025 14:23:55.132",2,40
1751923435132,"Monday, July 07, 2025 14:23:55.132",3,14
1751923435132,"Monday, July 07, 2025 14:23:55.132",4,62
1751923436200,"Monday, July 07, 2025 14:23:56.200",1,79
1751923436200,"Monday, July 07, 2025 14:23:56.200",2,87
1751923436200,"Monday, July 07, 2025 14:23:56.200",3,62
1751923436200,"Monday, July 07, 2025 14:23:56.200",4,52
1751923437324,"Monday, July 07, 2025 14:23:57.324",1,50
1751923437324,"Monday, July 07, 2025 14:23:57.324",2,17
1751923437324,"Monday, July 07, 2025 14:23:57.324",3,74
1751923437324,"Monday, July 07, 2025 14:23:57.324",4,68
1751923438401,"Monday, July 07, 2025 14:23:58.401",1,93
1751923438401,"Monday, July 07, 2025 14:23:58.401",2,57
1751923438401,"Monday, July 07, 2025 14:23:58.401",3,71
1751923438401,"Monday, July 07, 2025 14:23:58.401",4,99
1751923439512,"Monday, July 07, 2025 14:23:59.512",1,17
1751923439512,"Monday, July 07, 2025 14:23:59.512",2,91
1751923439512,"Monday, July 07, 2025 14:23:59.512",3,6
1751923439512,"Monday, July 07, 2025 14:23:59.512",4,55
1751923440650,"Monday, July 07, 2025 14:24:00.650",1,48
1751923440650,"Monday, July 07, 2025 14:24:00.650",2,81
1751923440650,"Monday, July 07, 2025 14:24:00.650",3,93
1751923440650,"Monday, July 07, 2025 14:24:00.650",4,2
1751923441737,"Monday, July 07, 2025 14:24:01.737",1,70
1751923441737,"Monday, July 07, 2025 14:24:01.737",2,33
1751923441737,"Monday, July 07, 2025 14:24:01.737",3,37
1751923441737,"Monday, July 07, 2025 14:24:01.737",4,23
1751923442827,"Monday, July 07, 2025 14:24:02.827",1,73
1751923442827,"Monday, July 07, 2025 14:24:02.827",2,54
1751923442827,"Monday, July 07, 2025 14:24:02.827",3,87
1751923442827,"Monday, July 07, 2025 14:24:02.827",4,78
1751923443899,"Monday, July 07, 2025 14:24:03.899",1,10
1751923443899,"Monday, July 07, 2025 14:24:03.899",2,64
1751923443899,"Monday, July 07, 2025 14:24:03.899",3,46
1751923443899,"Monday, July 07, 2025 14:24:03.899",4,58
1751923445003,"Monday, July 07, 2025 14:24:05.003",1,34
1751923445003,"Monday, July 07, 2025 14:24:05.003",2,41
1751923445003,"Monday, July 07, 2025 14:24:05.003",3,60
1751923445003,"Monday, July 07, 2025 14:24:05.003",4,57
1751923446097,"Monday, July 07, 2025 14:24:06.097",1,72
1751923446097,"Monday, July 07, 2025 14:24:06.097",2,87
1751923446097,"Monday, July 07, 2025 14:24:06.097",3,6
1751923446097,"Monday, July 07, 2025 14:24:06.097",4,97
1751923447194,"Monday, July 07, 2025 14:24:07.194",1,65
1751923447194,"Monday, July 07, 2025 14:24:07.194",2,99
1751923447194,"Monday, July 07, 2025 14:24:07.194",3,24
1751923447194,"Monday, July 07, 2025 14:24:07.194",4,35
1751923448291,"Monday, July 07, 2025 14:24:08.291",1,66
1751923448291,"Monday, July 07, 2025 14:24:08.291",2,23
1751923448291,"Monday, July 07, 2025 14:24:08.291",3,75
1751923448291,"Monday, July 07, 2025 14:24:08.291",4,6
1751923449405,"Monday, July 07, 2025 14:24:09.405",1,57
1751923449405,"Monday, July 07, 2025 14:24:09.405",2,27
1751923449405,"Monday, July 07, 2025 14:24:09.405",3,10
1751923449405,"Monday, July 07, 2025 14:24:09.405",4,10
1751923450524,"Monday, July 07, 2025 14:24:10.524",1,25
1751923450524,"Monday, July 07, 2025 14:24:10.524",2,16
1751923450524,"Monday, July 07, 2025 14:24:10.524",3,5
1751923450524,"Monday, July 07, 2025 14:24:10.524",4,24
1751923451633,"Monday, July 07, 2025 14:24:11.633",1,33
1751923451633,"Monday, July 07, 2025 14:24:11.633",2,77
1751923451633,"Monday, July 07, 2025 14:24:11.633",3,14
1751923451633,"Monday, July 07, 2025 14:24:11.633",4,13
1751923452714,"Monday, July 07, 2025 14:24:12.714",1,16
1751923452714,"Monday, July 07, 2025 14:24:12.714",2,43
1751923452714,"Monday, July 07, 2025 14:24:12.714",3,56
1751923452714,"Monday, July 07, 2025 14:24:12.714",4,76
1751923453786,"Monday, July 07, 2025 14:24:13.786",1,76
1751923453786,"Monday, July 07, 2025 14:24:13.786",2,72
1751923453786,"Monday, July 07, 2025 14:24:13.786",3,76
1751923453786,"Monday, July 07, 2025 14:24:13.786",4,83
1751923454881,"Monday, July 07, 2025 14:24:14.881",1,54
1751923454881,"Monday, July 07, 2025 14:24:14.881",2,86
1751923454881,"Monday, July 07, 2025 14:24:14.881",3,51
1751923454881,"Monday, July 07, 2025 14:24:14.881",4,26
1751923455959,"Monday, July 07, 2025 14:24:15.959",1,60
1751923455959,"Monday, July 07, 2025 14:24:15.959",2,20
1751923455959,"Monday, July 07, 2025 14:24:15.959",3,1
1751923455959,"Monday, July 07, 2025 14:24:15.959",4,78
1751923457024,"Monday, July 07, 2025 14:24:17.024",1,90
1751923457024,"Monday, July 07, 2025 14:24:17.024",2,43
1751923457024,"Monday, July 07, 2025 14:24:17.024",3,94
1751923457024,"Monday, July 07, 2025 14:24:17.024",4,93
1751923458279,"Monday, July 07, 2025 14:24:18.279",1,82
1751923458279,"Monday, July 07, 2025 14:24:18.279",2,61
1751923458279,"Monday, July 07, 2025 14:24:18.279",3,41
1751923458279,"Monday, July 07, 2025 14:24:18.279",4,72
1751923459369,"Monday, July 07, 2025 14:24:19.369",1,10
1751923459369,"Monday, July 07, 2025 14:24:19.369",2,13
1751923459369,"Monday, July 07, 2025 14:24:19.369",3,33
1751923459369,"Monday, July 07, 2025 14:24:19.369",4,74
1751923460450,"Monday, July 07, 2025 14:24:20.450",1,79
1751923460450,"Monday, July 07, 2025 14:24:20.450",2,73
1751923460450,"Monday, July 07, 2025 14:24:20.450",3,90
1751923460450,"Monday, July 07, 2025 14:24:20.450",4,30
1751923461564,"Monday, July 07, 2025 14:24:21.564",1,28
1751923461564,"Monday, July 07, 2025 14:24:21.564",2,88
1751923461564,"Monday, July 07, 2025 14:24:21.564",3,64
1751923461564,"Monday, July 07, 2025 14:24:21.564",4,50
1751923462673,"Monday, July 07, 2025 14:24:22.673",1,78
1751923462673,"Monday, July 07, 2025 14:24:22.673",2,18
1751923462673,"Monday, July 07, 2025 14:24:22.673",3,83
1751923462673,"Monday, July 07, 2025 14:24:22.673",4,78
1751923463768,"Monday, July 07, 2025 14:24:23.768",1,44
1751923463768,"Monday, July 07, 2025 14:24:23.768",2,0
1751923463768,"Monday, July 07, 2025 14:24:23.768",3,42
1751923463768,"Monday, July 07, 2025 14:24:23.768",4,90
1751923464863,"Monday, July 07, 2025 14:24:24.863",1,95
1751923464863,"Monday, July 07, 2025 14:24:24.863",2,26
1751923464863,"Monday, July 07, 2025 14:24:24.863",3,48
1751923464863,"Monday, July 07, 2025 14:24:24.863",4,71
1751923465951,"Monday, July 07, 2025 14:24:25.951",1,89
1751923465951,"Monday, July 07, 2025 14:24:25.951",2,34
1751923465951,"Monday, July 07, 2025 14:24:25.951",3,43
1751923465951,"Monday, July 07, 2025 14:24:25.951",4,66
1751923467030,"Monday, July 07, 2025 14:24:27.030",1,25
1751923467030,"Monday, July 07, 2025 14:24:27.030",2,9
1751923467030,"Monday, July 07, 2025 14:24:27.030",3,67
1751923467030,"Monday, July 07, 2025 14:24:27.030",4,87
1751923468113,"Monday, July 07, 2025 14:24:28.113",1,40
1751923468113,"Monday, July 07, 2025 14:24:28.113",2,75
1751923468113,"Monday, July 07, 2025 14:24:28.113",3,90
1751923468113,"Monday, July 07, 2025 14:24:28.113",4,92
1751923469182,"Monday, July 07, 2025 14:24:29.182",1,24
1751923469182,"Monday, July 07, 2025 14:24:29.182",2,100
1751923469182,"Monday, July 07, 2025 14:24:29.182",3,54
1751923469182,"Monday, July 07, 2025 14:24:29.182",4,62
1751923470259,"Monday, July 07, 2025 14:24:30.259",1,39
1751923470259,"Monday, July 07, 2025 14:24:30.259",2,100
1751923470259,"Monday, July 07, 2025 14:24:30.259",3,40
1751923470259,"Monday, July 07, 2025 14:24:30.259",4,42
1751923471348,"Monday, July 07, 2025 14:24:31.348",1,28
1751923471348,"Monday, July 07, 2025 14:24:31.348",2,17
1751923471348,"Monday, July 07, 2025 14:24:31.348",3,16
1751923471348,"Monday, July 07, 2025 14:24:31.348",4,10
1751923472464,"Monday, July 07, 2025 14:24:32.464",1,100
1751923472464,"Monday, July 07, 2025 14:24:32.464",2,61
1751923472464,"Monday, July 07, 2025 14:24:32.464",3,85
1751923472464,"Monday, July 07, 2025 14:24:32.464",4,24
1751923473551,"Monday, July 07, 2025 14:24:33.551",1,85
1751923473551,"Monday, July 07, 2025 14:24:33.551",2,81
1751923473551,"Monday, July 07, 2025 14:24:33.551",3,45
1751923473551,"Monday, July 07, 2025 14:24:33.551",4,76
1751923474639,"Monday, July 07, 2025 14:24:34.639",1,90
1751923474639,"Monday, July 07, 2025 14:24:34.639",2,7
1751923474639,"Monday, July 07, 2025 14:24:34.639",3,92
1751923474639,"Monday, July 07, 2025 14:24:34.639",4,17
1751923475749,"Monday, July 07, 2025 14:24:35.749",1,22
1751923475749,"Monday, July 07, 2025 14:24:35.749",2,35
1751923475749,"Monday, July 07, 2025 14:24:35.749",3,37
1751923475749,"Monday, July 07, 2025 14:24:35.749",4,37
1751923476848,"Monday, July 07, 2025 14:24:36.848",1,35
1751923476848,"Monday, July 07, 2025 14:24:36.848",2,86
1751923476848,"Monday, July 07, 2025 14:24:36.848",3,35
1751923476848,"Monday, July 07, 2025 14:24:36.848",4,43
1751923477953,"Monday, July 07, 2025 14:24:37.953",1,67
1751923477953,"Monday, July 07, 2025 14:24:37.953",2,75
1751923477953,"Monday, July 07, 2025 14:24:37.953",3,97
1751923477953,"Monday, July 07, 2025 14:24:37.953",4,78
1751923479165,"Monday, July 07, 2025 14:24:39.165",1,76
1751923479165,"Monday, July 07, 2025 14:24:39.165",2,22
1751923479165,"Monday, July 07, 2025 14:24:39.165",3,47
1751923479165,"Monday, July 07, 2025 14:24:39.165",4,92
1751923480256,"Monday, July 07, 2025 14:24:40.256",1,13
1751923480256,"Monday, July 07, 2025 14:24:40.256",2,81
1751923480256,"Monday, July 07, 2025 14:24:40.256",3,22
1751923480256,"Monday, July 07, 2025 14:24:40.256",4,48
1751923481386,"Monday, July 07, 2025 14:24:41.386",1,17
1751923481386,"Monday, July 07, 2025 14:24:41.386",2,12
1751923481386,"Monday, July 07, 2025 14:24:41.386",3,100
1751923481386,"Monday, July 07, 2025 14:24:41.386",4,26
1751923482475,"Monday, July 07, 2025 14:24:42.475",1,34
1751923482475,"Monday, July 07, 2025 14:24:42.475",2,6
1751923482475,"Monday, July 07, 2025 14:24:42.475",3,35
1751923482475,"Monday, July 07, 2025 14:24:42.475",4,55
1751923483562,"Monday, July 07, 2025 14:24:43.562",1,12
1751923483562,"Monday, July 07, 2025 14:24:43.562",2,16
1751923483562,"Monday, July 07, 2025 14:24:43.562",3,59
1751923483562,"Monday, July 07, 2025 14:24:43.562",4,15
1751923484711,"Monday, July 07, 2025 14:24:44.711",1,9
1751923484711,"Monday, July 07, 2025 14:24:44.711",2,50
1751923484711,"Monday, July 07, 2025 14:24:44.711",3,31
1751923484711,"Monday, July 07, 2025 14:24:44.711",4,93
1751923485780,"Monday, July 07, 2025 14:24:45.780",1,19
1751923485780,"Monday, July 07, 2025 14:24:45.780",2,34
1751923485780,"Monday, July 07, 2025 14:24:45.780",3,11
1751923485780,"Monday, July 07, 2025 14:24:45.780",4,16
1751923486842,"Monday, July 07, 2025 14:24:46.842",1,2
1751923486842,"Monday, July 07, 2025 14:24:46.842",2,88
1751923486842,"Monday, July 07, 2025 14:24:46.842",3,65
1751923486842,"Monday, July 07, 2025 14:24:46.842",4,7
1751923487928,"Monday, July 07, 2025 14:24:47.928",1,34
1751923487928,"Monday, July 07, 2025 14:24:47.928",2,61
1751923487928,"Monday, July 07, 2025 14:24:47.928",3,74
1751923487928,"Monday, July 07, 2025 14:24:47.928",4,87
1751923489012,"Monday, July 07, 2025 14:24:49.012",1,7
1751923489012,"Monday, July 07, 2025 14:24:49.012",2,96
1751923489012,"Monday, July 07, 2025 14:24:49.012",3,34
1751923489012,"Monday, July 07, 2025 14:24:49.012",4,17
1751923490087,"Monday, July 07, 2025 14:24:50.087",1,75
1751923490087,"Monday, July 07, 2025 14:24:50.087",2,78
1751923490087,"Monday, July 07, 2025 14:24:50.087",3,71
1751923490087,"Monday, July 07, 2025 14:24:50.087",4,68
1751923491177,"Monday, July 07, 2025 14:24:51.177",1,14
1751923491177,"Monday, July 07, 2025 14:24:51.177",2,67
1751923491177,"Monday, July 07, 2025 14:24:51.177",3,28
1751923491177,"Monday, July 07, 2025 14:24:51.177",4,100
1751923492267,"Monday, July 07, 2025 14:24:52.267",1,18
1751923492267,"Monday, July 07, 2025 14:24:52.267",2,78
1751923492267,"Monday, July 07, 2025 14:24:52.267",3,66
1751923492267,"Monday, July 07, 2025 14:24:52.267",4,73
1751923493427,"Monday, July 07, 2025 14:24:53.427",1,74
1751923493427,"Monday, July 07, 2025 14:24:53.427",2,99
1751923493427,"Monday, July 07, 2025 14:24:53.427",3,9
1751923493427,"Monday, July 07, 2025 14:24:53.427",4,44
1751923494514,"Monday, July 07, 2025 14:24:54.514",1,41
1751923494514,"Monday, July 07, 2025 14:24:54.514",2,93
1751923494514,"Monday, July 07, 2025 14:24:54.514",3,2
1751923494514,"Monday, July 07, 2025 14:24:54.514",4,55
1751923495606,"Monday, July 07, 2025 14:24:55.606",1,84
1751923495606,"Monday, July 07, 2025 14:24:55.606",2,22
1751923495606,"Monday, July 07, 2025 14:24:55.606",3,92
1751923495606,"Monday, July 07, 2025 14:24:55.606",4,61
1751923496727,"Monday, July 07, 2025 14:24:56.727",1,12
1751923496727,"Monday, July 07, 2025 14:24:56.727",2,94
1751923496727,"Monday, July 07, 2025 14:24:56.727",3,96
1751923496727,"Monday, July 07, 2025 14:24:56.727",4,64
1751923497806,"Monday, July 07, 2025 14:24:57.806",1,89
1751923497806,"Monday, July 07, 2025 14:24:57.806",2,32
1751923497806,"Monday, July 07, 2025 14:24:57.806",3,2
1751923497806,"Monday, July 07, 2025 14:24:57.806",4,17
1751923498920,"Monday, July 07, 2025 14:24:58.920",1,17
1751923498920,"Monday, July 07, 2025 14:24:58.920",2,76
1751923498920,"Monday, July 07, 2025 14:24:58.920",3,14
1751923498920,"Monday, July 07, 2025 14:24:58.920",4,63
1751923499991,"Monday, July 07, 2025 14:24:59.991",1,61
1751923499991,"Monday, July 07, 2025 14:24:59.991",2,60
1751923499991,"Monday, July 07, 2025 14:24:59.991",3,100
1751923499991,"Monday, July 07, 2025 14:24:59.991",4,21
1751923501100,"Monday, July 07, 2025 14:25:01.100",1,37
1751923501100,"Monday, July 07, 2025 14:25:01.100",2,4
1751923501100,"Monday, July 07, 2025 14:25:01.100",3,19
1751923501100,"Monday, July 07, 2025 14:25:01.100",4,74
1751923502184,"Monday, July 07, 2025 14:25:02.184",1,80
1751923502184,"Monday, July 07, 2025 14:25:02.184",2,6
1751923502184,"Monday, July 07, 2025 14:25:02.184",3,7
1751923502184,"Monday, July 07, 2025 14:25:02.184",4,62
1751923503270,"Monday, July 07, 2025 14:25:03.270",1,1
1751923503270,"Monday, July 07, 2025 14:25:03.270",2,18
1751923503270,"Monday, July 07, 2025 14:25:03.270",3,63
1751923503270,"Monday, July 07, 2025 14:25:03.270",4,72
1751923504363,"Monday, July 07, 2025 14:25:04.363",1,78
1751923504363,"Monday, July 07, 2025 14:25:04.363",2,66
1751923504363,"Monday, July 07, 2025 14:25:04.363",3,16
1751923504363,"Monday, July 07, 2025 14:25:04.363",4,46
1751923505459,"Monday, July 07, 2025 14:25:05.459",1,73
1751923505459,"Monday, July 07, 2025 14:25:05.459",2,42
1751923505459,"Monday, July 07, 2025 14:25:05.459",3,15
1751923505459,"Monday, July 07, 2025 14:25:05.459",4,24
1751923506530,"Monday, July 07, 2025 14:25:06.530",1,32
1751923506530,"Monday, July 07, 2025 14:25:06.530",2,52
1751923506530,"Monday, July 07, 2025 14:25:06.530",3,18
1751923506530,"Monday, July 07, 2025 14:25:06.530",4,1
